# direction de newton a l'iteration 0 sur '../2d_des_familles/cases/lines5_n2000_s0.005_equal.txt' ( n = 2000, AMGCL agregation+spai0, 0 reculs jusque la )
# format : n, puis n lignes « x y w d »
2000
0.83739115609106896 0.90423837864194623 0 0
0.25586240168736868 0.23870695615506171 0 -0.020946952787695233
0.49587143922813232 0.71544981750410486 0 -0.075444654656219148
0.5241953095344476 0.75508406454686994 0 -0.070753564556296361
0.82035397443556834 0.75607621876371012 0 0.00684062162251104
0.76468582715271638 0.25170898661969121 0 -0.076075648928753375
0.78968607261904888 0.48737930203682922 0 -0.030840580733424706
0.95584830703106316 0.8880985753955789 0 0.0085473920803220815
0.67710325586779163 0.90825935606505082 0 -0.021817563711460899
0.82347000825499961 0.7195243494802841 0 0.00021680167472782179
0.14766115571293617 0.15021181438427691 0 0.011803757960116203
0.013946863153452865 0.38853367734517541 0 -0.032909256804572337
0.71971714130949516 0.68626374062045692 0 -0.014552081155825678
0.40624360734887904 0.5337213247879613 0 -0.071118050518042833
0.30089958126407479 0.32815727988096011 0 -0.038568547557981822
0.69725463573602164 0.64212428878362671 0 -0.022658062277136733
0.80399694796738996 0.74792334522833226 0 0.0037701182801247739
0.011964302597228964 0.32067049765556371 0 -0.0099862485085544465
0.83014584459118157 0.78505329600977447 0 0.0082209214431155416
0.0001 0.52385336293351203 0 -0.070979367120499182
0.62017180678569828 0.5869402227475452 0 -0.040957945677273642
0.15382898961153116 0.034755071302758345 0 0.011807707366076661
0.016715803803864584 0.19733327136093171 0 0.021412991335556495
0.78914187067139618 0.52250013295445141 0 -0.023720466693896106
0.74171569097760193 0.73480945252955776 0 -0.007793348949258927
0.59021021579554089 0.87995564258538383 0 -0.051921430864638372
0.85250526474016097 0.94143719434676554 0 0.00059817093565622912
0.0001 0.59126233675282147 0 -0.086540405102642118
0.57857409475027588 0.85885405479850119 0 -0.056049929580880856
0.97069923855568918 0.11671088935714857 0 -0.072397495505987897
0.0001 0.4417873980190552 0 -0.048450350577283315
0.78205062159110061 0.61293878918421996 0 -0.0092617481049920829
0.96347389556308338 0.90277204450357473 0 0.0093231637429722139
0.36862968555424658 0.46392442407385914 0 -0.061730136665175649
0.0095359288979707506 0.59327068952156725 0 -0.088416605056759814
0.75603730198242425 0.67423104301295667 0 -0.0065846518331661554
0.84182396149606276 0.7804521717598053 0 0.0069746474061499258
0.0025496753557981292 0.42945116161525854 0 -0.044543298073518478
0.69167296696900316 0.84273593175580108 0 -0.020289261373256713
0.4489076943221989 0.40755265706833921 0 -0.060046149087724675
0.000736847183501501 0.41697654022984287 0 -0.040328852873505676
0.72878655240730428 0.005388487354107024 0 -0.097321551093725686
0.022109342715399438 0.14883359874778757 0 0.030428524292536292
0.46096741398210467 0.6328451117323961 0 -0.076075957063097555
0.79989358886604711 0.74989203764925938 0 0.0030633418182888007
0.78775225065373589 0.59824687839817869 0 -0.0094908090089808328
0.7704431251250492 0.25147337212788856 0 -0.075978483721770837
0.38991417269825002 0.49419897906167715 0 -0.066415721757987059
0.63891006228168512 0.59919942581469177 0 -0.035203884753725941
0.59007114856104392 0.88868640290590561 0 -0.05152534382115255
0.13067315606275157 0.11895026116856031 0 0.02089968631689957
0.61667342996683183 0.57928301610303901 0 -0.041707657535345832
0.84392101142121745 0.9055145975353458 0 0.0015184974251478778
0.30365400709350626 0.3428225716009935 0 -0.040774715816658952
0.22391648694691393 0.18554595190476686 0 -0.010823326901895733
0.25700405879168781 0.23859027129701491 0 -0.021500033718994189
0.7785620262570806 0.36109094906309253 0 -0.05677308842350888
0.49188842129600419 0.46729368313333697 0 -0.059672840541905373
0.98653060558902594 0.91668996584739537 0 0.010220976958649571
0.73561829226240105 0.03369936748924026 0 -0.095970638938400105
0.98613400320559363 0.92294355515186299 0 0.0098376957095533211
0.79487493912961249 0.47193067914939169 0 -0.032844749257286358
0.80863731275696504 0.56754121390256806 0 -0.013102889073099588
0.26462315826872251 0.26011965481774979 0 -0.025340852083880285
0.958379186947666 0.14583116544005945 0 -0.072151462491312796
0.81410980023279389 0.656871651984551 0 -0.0071417648686295972
0.41241740993567627 0.56895827747932848 0 -0.076491016410811769
0.19078497758498264 0.13148830046682847 0 0.0016826276252091333
0.65710281159706174 0.9501274754129857 0 -0.023413854238212576
0.55476146428484552 0.84486929900302854 0 -0.065589913761855231
0.19272270410814404 0.12831863021276327 0 0.00059271631775036201
0.1906726492976609 0.13752062181299393 0 0.0015715846293070362
0.87225688918078881 0.36887639501267799 0 -0.050821181094153955
0.23622660126552211 0.21512659659702332 0 -0.013702060842975242
0.52855255849985205 0.78299328711539617 0 -0.070782181167762651
0.16649660729221336 0.072998019348483587 0 0.0072853395980582523
0.96657373777711808 0.90840754439322913 0 0.0094978158274306498
0.010916591436993698 0.3462012494283791 0 -0.01877663376124469
0.57097771718921442 0.87043482969782482 0 -0.060072223184796061
0.20191051356681786 0.13063874432149306 0 -0.005859657654316573
0.019409466114465944 0.0048812776020593935 0 0.065323420232873991
0.52129439511170272 0.48198231132783392 0 -0.059291098201084899
0.54362737772198 0.52458916314033399 0 -0.056275601127424892
0.34491704144059826 0.44234971105680299 0 -0.060827189991844915
0.72117405881143781 0.77985752228842009 0 -0.014002041402669778
0.77661020623324672 0.28844799139329386 0 -0.069904619004671043
0.7439047573829275 0.14894145420238977 0 -0.090119268466955491
0.80561817099528432 0.56615454778653462 0 -0.011882617845704472
0.73589084482280209 0.074504072057443749 0 -0.095350911000511004
0.89847986765789101 0.31317995204646748 0 -0.057947782716582713
0.84392617866634334 0.92368566256424856 0 0.00045718492709300753
0.057396298571192245 0.060593759834582511 0 0.044197686787801359
0.33733509443947318 0.38891196875986322 0 -0.050604406531984107
0.85179088305809869 0.39245891120044951 0 -0.048140124208372381
0.21628805709958035 0.17534504614333038 0 -0.0081686116671727711
0.83724105333862275 0.5043019640767894 0 -0.02909737723494257
0.014347587327338169 0.20126731213052171 0 0.021258033853267903
0.34353845618590811 0.32635700599990586 0 -0.04586529945571724
0.28205098399779804 0.30699496954567201 0 -0.035574633338912087
0.00089239454854620794 0.00815110873980536 0 0.068569361755510566
0.017299728438948569 0.099438917628835735 0 0.043129476645717472
0.013514804232741462 0.51491487681487547 0 -0.070078666624295211
0.22438702752020132 0.1814168696020475 0 -0.011531231949810115
0.0062570496969201229 0.26956858867526617 0 0.0071919372762627798
0.94532281679774244 0.17338304681687308 0 -0.070971315429629603
0.0072315839409480076 0.45752407803166983 0 -0.053857165541096048
0.90972841429183282 0.85343518116641304 0 0.007900788561300269
0.26842426172775485 0.25894129280236466 0 -0.026031682519983192
0.3551293902150664 0.44481840013297697 0 -0.058919142840959407
0.92013276064194771 0.85495882418677482 0 0.0066863482581431127
0.014630565550301356 0.44239278202092785 0 -0.050578577416525425
0.55566166164917374 0.51841579310523245 0 -0.054218896749355684
0.42606592209977656 0.58560923742684312 0 -0.076233826395674956
0.80039416175192024 0.56581613968627109 0 -0.011741818841356368
0.43885195721793213 0.60071686440590477 0 -0.076016162176848784
0.29617709676327925 0.27884060919077841 0 -0.033939368253387121
0.011231887139094881 0.011818696311636422 0 0.06754829835811807
0.43852909611828678 0.41930472626479498 0 -0.057884566840714136
0.35697049094800748 0.43942223792392238 0 -0.057629324313950014
0.89739563185785454 0.31786064601222669 0 -0.057535705426985932
0.083554126420806715 0.085825264469616594 0 0.033288676994762088
0.13669783945399691 0.022807683742085572 0 0.018894073140697059
0.64971299801372584 0.96528837158006109 0 -0.024521435295509413
0.63878585067068572 0.97551714437879644 0 -0.027408066502775139
0.45444528189661348 0.42552334902567401 0 -0.057952322035141522
0.14556348351630469 0.054806446636228662 0 0.015778521900391199
0.87299396657054573 0.36528102424876535 0 -0.051515465514856251
0.90137353989955471 0.84732751032156461 0 0.0075892627719760545
0.67474591985404653 0.89792135848765708 0 -0.022217481546500214
0.79996816983031926 0.59803173204763005 0 -0.0087216681768448566
0.0085669715274863528 0.6058526901026503 0 -0.090877932079895321
0.74527712541607272 0.18081940860860998 0 -0.087289049588163886
0.57904739151279394 0.84954480315279102 0 -0.056154209249857562
0.7789433744291816 0.62966136242334236 0 -0.0086391244027089545
0.63311590785107119 0.98212218670478446 0 -0.03030046801534839
0.69571473759005642 0.86932342919166283 0 -0.019424542951136894
0.32873752595463512 0.31033198031627368 0 -0.042662655668739842
0.77162917948215171 0.71562229493168938 0 -0.0020697382797346749
0.29076267440197523 0.27584116125775565 0 -0.032134209624035841
0.37295895506992638 0.46763797924369738 0 -0.062362791199773518
0.85673380627589202 0.96929811714228009 0 1.1652449895778668e-05
0.017045833627754411 0.040784518461740506 0 0.060927345017268854
0.0083454938305250748 0.27002727628989465 0 0.0067883286998337298
0.17392683530542866 0.098093941444842875 0 0.0049595311688310668
0.48840633744084722 0.68581457754175645 0 -0.074259044294766888
0.53549275183466882 0.50952296296550637 0 -0.057281598702519143
0.011062774399504777 0.58792293609205548 0 -0.087797862804941715
0.47577487823917386 0.66507340420978789 0 -0.075409842305875371
0.011205729543220893 0.043270868994366232 0 0.060762031115788498
0.78694559656154661 0.60220288104592357 0 -0.0093482751007723623
0.47506358586014191 0.68617934783389611 0 -0.078633510963653563
0.5941105936287292 0.90437968488678078 0 -0.050382363155031154
0.73567231566953217 0.054113953349618014 0 -0.095657655321891563
0.32819709868019475 0.38072302456571916 0 -0.049099167605115047
0.43436417483391082 0.57179477609676133 0 -0.073860038308590253
0.74346540314527709 0.06529373806111799 0 -0.095152039115948855
0.1421272894092443 0.048200411445686944 0 0.017095106909524628
0.0015605352776154877 0.89104228558405074 0 -0.14736471382861982
0.81024520292464475 0.56694065296471086 0 -0.013976448495811781
0.74858098811960572 0.15069258862309681 0 -0.089260229705098407
0.8358454383694166 0.83218406721998772 0 0.0054059154925604159
0.98204171459482248 0.10452020271230902 0 -0.07248799871427844
0.22558620463159063 0.21297516278073778 0 -0.010901248836024457
0.4677168153392014 0.65187668104996077 0 -0.076082985218353175
0.82571461457234063 0.7750321013277186 0 0.0080799805125720513
0.55586813219002473 0.53274100854220063 0 -0.054204679897762606
0.0072380659037707008 0.53459839213167792 0 -0.073936369060510751
0.59798240436372496 0.56039439618607301 0 -0.045947027415293731
0.11128558512338353 0.09816177487186005 0 0.025318447802085312
0.83992998631401905 0.47292062007159746 0 -0.033304111859743649
0.17415385482590898 0.087325574364132574 0 0.0041272035718473042
0.12741261575530302 0.11601795537800416 0 0.021292428682208157
0.75134912167986168 0.70196688811835639 0 -0.0033148720363492053
0.84325379938386036 0.82743683581790362 0 0.0066614673296541051
0.45644558152024961 0.64497379554870737 0 -0.078076996420751082
0.1916730074742172 0.18215030190149831 0 -0.0021085292241160209
0.0065117746857900668 0.26488257847591024 0 0.0081035564012585642
0.81215650179695476 0.53192490717498364 0 -0.019607756711031838
0.72898870342840771 0.032626313898334501 0 -0.097107678931027022
0.0080127367443358702 0.40338097281086049 0 -0.036311234060583064
0.62884503910938616 0.5852253973660283 0 -0.038761558028725378
0.45314298203624231 0.4180718524428047 0 -0.058972814025575179
0.49414890689497803 0.70701297165622479 0 -0.074790726811181624
0.87075050324579395 0.38322762316523795 0 -0.048588971544872864
0.96927632934228114 0.90147058993212925 0 0.0096015823050054124
0.73700374232919985 0.060381513280744162 0 -0.09550735732205827
0.81095222103276787 0.56311785529979252 0 -0.014701875023648336
0.29071276137910301 0.28393729456311589 0 -0.032939398871555468
0.84837783746879591 0.4236259984086867 0 -0.042306513534484863
0.83505631143641823 0.83594549592543155 0 0.0048892195403677429
0.99990000000000001 0.047978192968136858 0 -0.071505265095894152
0.21256907321165316 0.20155181300595151 0 -0.0083951932025528361
0.48205772790732909 0.66958564407085108 0 -0.074420959562297689
0.73295177520848676 0.68078562641097429 0 -0.010487754680772159
0.22938702018229473 0.18886638650639179 0 -0.013239289079294506
0.85231648255868619 0.90954636855025739 0 0.0019848560083012157
0.41186688334572541 0.5597328733586141 0 -0.074746323372312393
0.72063880813786119 0.80021321069525075 0 -0.014450082495254729
0.79563341559897316 0.59855225927252298 0 -0.0087777436344680122
0.918373152449937 0.27207322666949035 0 -0.06280847278883242
0.43829126616979208 0.60822715862385412 0 -0.077072954715221909
0.8153071726681641 0.68268600902024268 0 -0.0040612746675023122
0.90681535885902032 0.84888438821153067 0 0.0075661851812342746
0.74890747213648745 0.70447571150045063 0 -0.003672767216444466
0.83318015072369145 0.80257057148591537 0 0.0075365646195965138
0.010203365649882168 0.49774334030189127 0 -0.064473077327946826
0.799819225836085 0.57805938034324666 0 -0.0093412647724545449
0.6460390977781495 0.59535574622592813 0 -0.034789375514797494
0.60963752040336872 0.579128915746563 0 -0.043609935451672049
0.81063966710388802 0.5913236490429068 0 -0.012137663846176004
0.80121479365091697 0.59485357304172515 0 -0.0087764520352799878
0.66940003750743959 0.63379332929567156 0 -0.029469100377786123
0.0001 0.69328097677018041 0 -0.10898626947538864
0.40149580114532696 0.52890792707597956 0 -0.070747694423322585
0.99370674323030606 0.91918256000332221 0 0.010174992949082435
0.34150618064359062 0.4093552041945811 0 -0.053869793206551789
0.72470461066965131 0.78651169550369671 0 -0.013375570869213517
0.43868972032764769 0.59385373199169011 0 -0.075398469509158489
0.56899544414792502 0.83634891927612087 0 -0.059243126550981462
0.2626675158230129 0.23553391221529421 0 -0.024390609240969297
0.19229605781537112 0.12107679698495866 0 -0.0011912907115632452
0.49516524560254499 0.47308466571036728 0 -0.05997135223813152
0.79810887469674696 0.53446322650077427 0 -0.018295403087354271
0.35553609660139018 0.43886003079730729 0 -0.057450485610132246
0.77651398333203669 0.64817095161523863 0 -0.0075152307363464538
0.48719393298190655 0.68469212597997731 0 -0.07453588849069244
0.87682583251555146 0.82321251825427377 0 0.0070656959623194172
0.011747400257784996 0.04546559904704859 0 0.060009665025155264
0.46394680468509564 0.64180873693151663 0 -0.076109596626816142
0.83691752919630402 0.79880868962768514 0 0.0080344367015520429
0.64502501223483899 0.59676668076360373 0 -0.034503194321601718
0.084712431689900225 0.068141529713663399 0 0.034513141100821397
0.1891735447432773 0.14676565511299833 0 0.0014070004574746804
0.94208821348942506 0.18374912768868459 0 -0.070254813307635236
0.8020206036790708 0.59469982793859022 0 -0.0089031796741728172
0.82837965998185825 0.80883531290788935 0 0.0060104752220518833
0.63935948401002907 0.98484543841176808 0 -0.026497180306045878
0.0071130452722941101 0.55466000692949358 0 -0.079224665431382305
0.24145247589682781 0.22173526449361677 0 -0.015189597873637797
0.0096513199270889007 0.69691555481458978 0 -0.11131090431721995
0.63390083084623983 0.58485514164280883 0 -0.038197590856151528
0.46268753787304651 0.44425083617147892 0 -0.059134384533707209
0.64160204677124522 0.60460110254167421 0 -0.035084214677970155
0.70006569622535053 0.84460352199973576 0 -0.018703758227154272
0.17419110716784733 0.16085455973734036 0 0.0048589562389622035
0.89253520483574955 0.32193617881253367 0 -0.057272644565341937
0.8288343033763651 0.73880124632467792 0 0.0023470672335164961
0.40167720692782716 0.5269226674513261 0 -0.070399102978618691
0.65085288241417838 0.99129641375170952 0 -0.023463664154703596
0.75467812237422782 0.15450708868158453 0 -0.088441783581585998
0.24385993334062572 0.22059821471009439 0 -0.01649060119999593
0.28137373100036533 0.30967595004348081 0 -0.036189113256844048
0.59097762318271019 0.89013845249757906 0 -0.051228948714052668
0.80477275508519686 0.75042247019850983 0 0.0042452028320455514
0.47255121252509247 0.67922654158608897 0 -0.07841254380728864
0.15680494450273363 0.053288709835505953 0 0.011569838394334314
0.43258814157273306 0.39644706138738511 0 -0.058564110110149795
0.75769761004577951 0.23003069387010669 0 -0.079632270759715448
0.41571732631373176 0.56914112288984753 0 -0.07560564215794989
0.0068970943533767492 0.0061417090548107614 0 0.068525448866489647
0.43567390100514969 0.58955210495244548 0 -0.075172323767228155
0.79695496728807025 0.58042813484845412 0 -0.0088642484794474001
0.017755222863285368 0.27029499979897148 0 0.0035735798959816256
0.7779483530063569 0.36629986561128824 0 -0.055790070130785331
0.27604426513551883 0.26753657995019353 0 -0.028117777184708755
0.78275437399241321 0.60787960842959665 0 -0.0096477347658951319
0.048643180604583974 0.049774557566403532 0 0.049110153849881488
0.88366778948070124 0.33922951822969799 0 -0.055667254653743031
0.38885225497604031 0.36833443014645667 0 -0.053473368164239019
0.7123882215641042 0.66277157917311336 0 -0.017087542889862282
0.020263918753014046 0.013981950448239857 0 0.065124628519720229
0.75906505641584388 0.707249405348233 0 -0.0027051938024334698
0.81916694071495044 0.52778713046239734 0 -0.021737405005466087
0.36224556786367101 0.46084242551010901 0 -0.062161905652464863
0.79516625816412867 0.53011799403361848 0 -0.020032613447054315
0.31209327984092294 0.36116660523209493 0 -0.044543735988751637
0.50452896544426573 0.70893660367076106 0 -0.073056833249220104
0.18532692405540291 0.17497079501513008 0 0.00046410102523205084
0.6841788843855876 0.86922843294928553 0 -0.020939651774730526
0.85832928358066463 0.95841056053200824 0 0.00028388562193623482
0.54912453144240225 0.52740697518955826 0 -0.055201972437238393
0.65169903135622897 0.99707813116041444 0 -0.02327454005195774
0.3408004094114821 0.30489724286721004 0 -0.046563740539095629
0.43984084246186361 0.61139904254409072 0 -0.077249366133635769
0.35186484558892783 0.45014525594803528 0 -0.061254445435915565
0.0072942511661630797 0.72774084146597251 0 -0.11740164066960104
0.65393236121706144 0.93463695477591757 0 -0.025463480080754823
0.38415932775590045 0.35760534678616479 0 -0.053053283821766689
0.75414947383558173 0.18541282224977221 0 -0.085353920578056755
0.63869723406934964 0.59449672958218269 0 -0.035420613733561389
0.55482356451332238 0.50944633652883942 0 -0.055886440147741655
0.75084680121556724 0.71121880590653375 0 -0.0034720009348434542
0.79145162823082049 0.54478864800706073 0 -0.018498118092793111
0.0082032921661022752 0.600620125339422 0 -0.089655305936077706
0.027552144522091336 0.00054483749213195742 0 0.061311435926654285
0.14378343290534965 0.043194269271007842 0 0.016811199485347029
0.47631024411283712 0.44999914477393094 0 -0.05902028358124152
0.79662684872289435 0.75414790375591489 0 0.0022107766600386533
0.23928683698244083 0.2238105035347904 0 -0.014392732252389847
0.79089421100790436 0.57774945553655765 0 -0.010973390041995818
0.79161985238519839 0.44526542721968615 0 -0.039980581526342263
0.00067223735929153317 0.67758612729487366 0 -0.10494553584201798
0.72003925728262574 0.81209660919660864 0 -0.014992791291160703
0.74283081286608554 0.13283547313228766 0 -0.091111452693812003
0.15564373381673727 0.1413253486400208 0 0.011664838259787608
0.0092158882871963728 0.52835125968367325 0 -0.072759213454180086
0.19809177861590754 0.1281604620301568 0 -0.0035404930935335342
0.0001 0.395479116856504 0 -0.032326453024577408
0.93083640055222627 0.87784466262255623 0 0.0073539284442488773
0.99565207193722294 0.075771463894138399 0 -0.072455849423900931
0.69090111578651603 0.85249059030124996 0 -0.020203032717682874
0.58034531755244789 0.87998568901312646 0 -0.055992292759060001
0.78818033424265999 0.47497220377533383 0 -0.033611559830102708
0.68119979747942172 0.64312954392260169 0 -0.026220789181128652
0.019703681466586034 0.073246367964856771 0 0.050451995868242783
0.43365864399716669 0.40990614607478026 0 -0.057332681738018004
0.78092032924235499 0.62318448437276253 0 -0.0087368489283771063
0.84921364117310982 0.88058780075513421 0 0.0029000903220870672
0.84310733754116973 0.91940108258603448 0 0.00055578980607000025
0.79753044531401718 0.53019194699829841 0 -0.019316150749871266
0.83870155729090023 0.86422653812083783 0 0.003127169320968019
0.73354421019729621 0.74367045777044483 0 -0.01015772489386714
0.0054331889103427997 0.89524622306685198 0 -0.14858335584219096
0.28843524569946882 0.28109377802402974 0 -0.032170393632776594
0.27508594015205345 0.26241557078753525 0 -0.02760257392276922
0.63501639064782689 0.97637222182402783 0 -0.02928090121917204
0.21018254751631824 0.19022343742667033 0 -0.0064573758725934667
0.97031213045239639 0.14056091918818497 0 -0.071450433096831412
0.91662732565346383 0.86010981724323821 0 0.0076232462901337991
0.76438293968720639 0.32293578638305448 0 -0.065362559408551138
0.72924041490366898 0.73208531314966663 0 -0.011557193475400449
0.0001 0.76739429765800871 0 -0.12515881597736978
0.74781233403568859 0.094628453639870866 0 -0.093399702546439645
0.38973845987149736 0.53006261279303724 0 -0.073580737183277692
0.011379369609075513 0.35684730221733552 0 -0.022186558920234405
0.0086822254634592397 0.32572631284935194 0 -0.011272980381443445
0.61763373940582778 0.93977996660652274 0 -0.039124941545778384
0.14571542043912269 0.1288540921775973 0 0.015634961555998503
0.1304397792364711 0.11800410177196691 0 0.020925045536337467
0.0092323353366445607 0.61679172582894959 0 -0.093869056255958871
0.64452538376283386 0.98240753014011573 0 -0.024374864923392782
0.79003987840651124 0.5815059830155993 0 -0.010783041548358111
0.078812534463246778 0.07545780649784059 0 0.036027145862028383
0.022100944058394995 0.083134457722016747 0 0.046887633318631806
0.31319802338653996 0.36339633155254986 0 -0.045114731466052452
0.97207372882221965 0.13158941062249827 0 -0.071834696216076063
0.72303735414441728 0.66821005053267413 0 -0.014097793154370486
0.21607993758505079 0.21266802762964199 0 -0.011000955819120591
0.011463540819958153 0.26556260868480913 0 0.0073884834600909059
0.79692487637325771 0.57925943272424096 0 -0.0088731401246101363
0.83990818493218866 0.81996435707994397 0 0.0069368209994903375
0.74682630026790231 0.11834666806667128 0 -0.091387099796270951
0.97058106179143488 0.10266117233220547 0 -0.073807343041387433
0.010487394764022084 0.58585569134181137 0 -0.087170181218292273
0.11363198769859226 0.10485836158733411 0 0.024545870845732797
0.62461753946320486 0.59670279350659683 0 -0.040165800476665202
0.99917418827061155 0.044126634615112695 0 -0.072406035947624486
0.00090802426015237632 0.76266397507110828 0 -0.12407009559636062
0.50627317175305209 0.72339165953058648 0 -0.073708631311694695
0.66055027842544489 0.93393728645608132 0 -0.023853414663325502
0.59506264085181448 0.90128853153900446 0 -0.049570314787214423
0.55763320254240478 0.83496846544770831 0 -0.062909328613738075
0.65248127581361248 0.61960523192769934 0 -0.033494722673417923
0.51854187148582342 0.49003326304939848 0 -0.059001622878913744
0.16062961349036772 0.078150484025185041 0 0.0098212858709213896
0.80625536294583222 0.70263918884358911 0 -0.0023726025711297643
0.32698108919535196 0.39821614934550298 0 -0.052564359472860131
0.81567601637187714 0.62058439554865419 0 -0.01150765166243343
0.76828798169486567 0.22756331462220711 0 -0.079475535666782227
0.60256776255465494 0.88920353696521648 0 -0.047424479761290758
0.34630040797834849 0.41962877035419227 0 -0.055190665240902395
0.69321208040773441 0.84226071799222635 0 -0.019796940597942063
0.74887156921019249 0.093157927583648312 0 -0.093544472581854346
0.69221498581886776 0.86346427009381299 0 -0.019468165818885434
0.39523637662863992 0.36422801191191001 0 -0.054814860876495251
0.48480663314145062 0.44971503272193369 0 -0.059916578539139204
0.017536646205068427 0.36515567249886594 0 -0.026627122434607943
0.19836464536095269 0.14620485710829509 0 -0.0018238478962470141
0.84883911129110678 0.40953279754416755 0 -0.045166033485160857
0.97471827843759329 0.11400037905277417 0 -0.072040444261615932
0.011529648765722319 0.2204453652279702 0 0.017716178495093868
0.62036580143342934 0.94675593543655778 0 -0.03734430526333643
0.0066880797246942399 0.47752448974692596 0 -0.059258649245231644
0.49293070318780502 0.71271105286200553 0 -0.076049782775347782
0.82104215073630105 0.50268175055816311 0 -0.026206743628232679
0.83729793546076814 0.7809288135746818 0 0.0080115852949463121
0.16056402340386627 0.08509517165038219 0 0.0097768814755210473
0.85500415071181968 0.96559743197808534 0 0.00018904218121433816
0.14739153063411492 0.046681193242276132 0 0.01562113586878142
0.5515731234440433 0.51708802860642944 0 -0.054715263478318829
0.31208238080751316 0.34514089444792073 0 -0.04239034537060897
0.49252580959142972 0.71963709275752152 0 -0.07750105134500869
0.80403176448105629 0.5984789417618176 0 -0.0095281219532135659
0.37933402983423914 0.48819041549543846 0 -0.066202710900936393
0.83866316499445748 0.86506700413220039 0 0.0030514128964560829
0.27961501285922657 0.26586392631671729 0 -0.028820496687845656
0.69228616675263754 0.65221233460005945 0 -0.023091739948971145
0.0074278943280280865 0.69704407140277114 0 -0.11071428893469368
0.77466121026389578 0.3155117874311793 0 -0.065441870981362504
0.87683966692311355 0.38561126853713845 0 -0.049275262730131261
0.98687571226357496 0.92118107308463915 0 0.010211409613447553
0.17958681889586434 0.17807027033885145 0 0.00040577115200491172
0.77803321139816606 0.38130570705870542 0 -0.05301838734399987
0.7909297678338385 0.39202956868889133 0 -0.05027102767535839
0.94182880365560251 0.19905392675104314 0 -0.068406646496491766
0.8295771055521306 0.78990175060206191 0 0.007722923386253233
0.40365324090272309 0.38467773379021741 0 -0.055418361986844973
0.73561615115840484 0.025739802836788683 0 -0.096357101222529509
0.75021345688064067 0.17036630675467154 0 -0.087102724695513473
0.084493104059314331 0.072736324813015965 0 0.034466475627030917
0.79590538995003435 0.47571622081711268 0 -0.032173366196231262
0.92576455127335433 0.86234552258453734 0 0.0071009161868743577
0.3376859351116907 0.31705998522641077 0 -0.044804079002376755
0.00014666628201155055 0.75586823106466261 0 -0.12245252878745612
0.010214635526556095 0.26146778270508891 0 0.0084153114702040441
0.79742125390162166 0.53968497060193399 0 -0.017742092864837227
0.82778884608857306 0.71570191128017202 0 -0.0014591586653348884
0.014015428590442506 0.16434161237168871 0 0.028988119027452033
0.57256511874819849 0.85151893761400843 0 -0.057785249903297399
0.76240250004242072 0.32253553952551528 0 -0.066098514294636299
0.46203400142063555 0.43497728964401461 0 -0.058631626101598895
0.56432905073537842 0.82498948476942491 0 -0.060711488791816412
0.7566331479915841 0.70295927733781272 0 -0.0030050739087347711
0.32309223728846315 0.30947873176091756 0 -0.041168428656633636
0.0054065226428133446 0.86694099708859107 0 -0.14361136819689838
0.91961173133857232 0.22135253985002498 0 -0.068291945101905976
0.76916847313799064 0.29840686925167897 0 -0.068267016960455909
0.57417470850821595 0.85709874559227295 0 -0.056972959272239623
0.81781208593446386 0.66245936954252738 0 -0.0070027665900308858
0.63745581059481304 0.60340404230778977 0 -0.036373585000437518
0.99381688735214535 0.92231526026520172 0 0.009982075889200628
0.3085048583177199 0.28531909068173733 0 -0.037539415670538555
0.56787227609645596 0.8660062096960226 0 -0.06124944387838515
0.5782980087712839 0.54501495545087741 0 -0.049652449245121605
0.96322920598248529 0.15405758104353062 0 -0.070883150064789055
0.55919796558132795 0.82292136743975941 0 -0.061955561603704898
0.52497242354583884 0.76741173892710335 0 -0.07105503311090694
0.76783042526832279 0.65095720321612183 0 -0.0077282159615463634
0.0001 0.7191112693293632 0 -0.11287997803855451
0.78115910059110349 0.38592930738899672 0 -0.051392526210293527
0.74537280868530098 0.045680060361903967 0 -0.096057723794673408
0.85804730254323403 0.79998975971557607 0 0.0069978385229103957
0.002478656882511119 0.72626193725251575 0 -0.11462615790927917
0.79601893583057926 0.57890423817977932 0 -0.0090032318921717275
0.747390661194546 0.69767623403949863 0 -0.0046021782230832005
0.14382430411085018 0.029645541804325746 0 0.016446345659372592
0.006499306253004611 0.84796897651507475 0 -0.14110856612838338
0.64974540003384629 0.95874132015953328 0 -0.02483149261193001
0.13579398177600127 0.13179114320234692 0 0.018354293242514818
0.012768038927079834 0.34827254510534811 0 -0.01973744971087955
0.97220255441591352 0.14530694965905949 0 -0.071292655914138706
0.8164654654651915 0.6864243726168856 0 -0.003640993741819711
0.47313794874077547 0.66401645427898537 0 -0.075968319253371594
0.63929944413748552 0.59013848310215178 0 -0.036378338144729849
0.0064537001532344101 0.3057584546212499 0 -0.0042962895792013397
0.0094500690620214489 0.59036583580655422 0 -0.087727744716330949
0.22740131107930195 0.20886643452289641 0 -0.010901923597869373
0.86221240362788243 0.7996327917008389 0 0.0059615057724998104
0.91274724489031356 0.85936247906966767 0 0.0079859503849967692
0.01325590481246511 0.21685076534404735 0 0.018227260851111614
0.84229356749286954 0.8533020963317115 0 0.004518135336894857
0.83088687995131483 0.75642002589006962 0 0.0053291187437235904
0.074101149327121252 0.076857048933974964 0 0.037031400183327672
0.097677165750227682 0.085567310162847271 0 0.029640759870189371
0.78121457488180834 0.38172798847610823 0 -0.052370096534518809
0.090485258735453905 0.093302145411556334 0 0.030490545937394056
0.012862544480401611 0.26714303110498139 0 0.0065359060783687544
0.0057629364496513281 0.085791300697124817 0 0.047826809987830371
0.63563376267963267 0.59263427346341602 0 -0.036261257439436333
0.73568487076369338 0.12159085298537659 0 -0.093368757093763549
0.84766642718048535 0.97256360659022345 0 -0.0014431287581791452
0.1301943586982747 0.11375652028912163 0 0.020490028987504169
0.54212568462016708 0.50851601958178694 0 -0.056344143585889669
0.51278915164157268 0.74484826695282702 0 -0.073321519751842965
0.46889696972215988 0.44785528715158329 0 -0.058800399419360411
0.16464608357172786 0.093848112927866725 0 0.0083396305359287187
0.90282822860813505 0.2960992766139186 0 -0.059963809066345825
0.19366244855781511 0.1262048950452147 0 -0.00053567278561647731
0.6189756223146039 0.94474914275145427 0 -0.038074083401995119
0.0001 0.46676337718254879 0 -0.056085999603279237
0.87139256131291809 0.38117152693304251 0 -0.048851405605650239
0.98678230114878895 0.92017331726774931 0 0.010257086805590995
0.6800947047327115 0.86585460014900117 0 -0.022687162410521527
0.55448819071292255 0.81595338100017112 0 -0.063285297932164614
0.16292971978175019 0.053844826617840957 0 0.0080610058891037364
0.14198573233351441 0.044199828369598182 0 0.017272832996822651
0.91108199210267171 0.85681176876609844 0 0.0080476834551297359
0.8241438070030096 0.77416875090047887 0 0.0078356205296916948
0.51621778296975795 0.75090461299821987 0 -0.072770349968164463
0.77424425909239059 0.33461877343387758 0 -0.061743353340636804
0.0001 0.72160031718530881 0 -0.11325214862873724
0.52252815114328999 0.76187425503378858 0 -0.071444501323140647
0.93884456320570919 0.87082093858825793 0 0.0072504447539849847
0.82228955489426936 0.75321791684899619 0 0.0063530674446886414
0.067911149646333546 0.072835177121022152 0 0.039098696650691316
0.82802123600688937 0.4852322492814321 0 -0.0298785289181734
0.0051774259391293084 0.64257354948188516 0 -0.098581591632353874
0.023851940930448373 0.023201324309257473 0 0.062754090915913344
0.9784086467777493 0.11294651459892584 0 -0.071982010911035663
0.97775281871407704 0.11277013865122132 0 -0.071891991123644486
0.58771266787319343 0.554528405697579 0 -0.047876860620369194
0.79043890233724012 0.46409281418058151 0 -0.035383801667594583
0.85418513903607962 0.93212883121095136 0 0.0010919734948818861
0.022414401061180516 0.043681109759348122 0 0.058807059342014224
0.78578065571430999 0.46592076000385052 0 -0.036103688273238288
0.76562791800396823 0.72524568567587933 0 -0.0029674396378851949
0.30582958353635192 0.35375614053942045 0 -0.043078842929867349
0.8254309804353176 0.75061784441164936 0 0.0055778011788370279
0.37226257626169351 0.46484104204509075 0 -0.061896823331850655
0.0001 0.84636475782972032 0 -0.13931811170290473
0.71890910373960237 0.77849146072730457 0 -0.014734115633756383
0.010245867966472907 0.074344615221272725 0 0.050867053051615006
0.046072452294216928 0.047028946682305423 0 0.050513897184265737
0.36400258265516144 0.3398492052986975 0 -0.050007894811263207
0.017349833736691436 0.33812244732186836 0 -0.017928208040012373
0.79540567103532867 0.49680385007265587 0 -0.027495670253325232
0.17662610484448718 0.096014548194269897 0 0.0036657548345967101
0.019843515647576342 0.28410284122193841 0 -0.0016950810702139778
0.95519484197999527 0.90567983544544872 0 0.0079065468452199378
0.84659762174395015 0.79870554545775951 0 0.0078110738300587622
0.80069521462544224 0.52516997222277473 0 -0.020267845421903352
0.65700546136571658 0.91712704319957983 0 -0.026242235591600976
0.0053036569216037893 0.29510786467025857 0 -0.0016170534727201467
0.78089137930353869 0.4079305788698106 0 -0.047795432742085635
0.13862648083427948 0.13038485968866351 0 0.018098725274119713
0.24044402323232239 0.23027908503617325 0 -0.01638643446769129
0.63445929176692184 0.59967400415371563 0 -0.036813890272372016
0.72263635999768772 0.67667157603452588 0 -0.013216514743233364
0.012521419589730721 0.26136900956979009 0 0.0082069704741563679
0.0036033432625829144 0.87643421529573462 0 -0.14479756356356974
0.80632261939963801 0.56637315494833573 0 -0.011980175051894365
0.0025366061735369802 0.73879635150739942 0 -0.11753207561036322
0.19924599245670946 0.15151234618836573 0 -0.0024159375445495001
0.0046039754616622151 0.42106132534641177 0 -0.041900271501901183
0.79966006071565765 0.53217032991278213 0 -0.018411527597231307
0.38030769481594517 0.35202585899237537 0 -0.052711703338113501
0.76588900981898878 0.32797497626238942 0 -0.064140444996343637
0.33524387625658481 0.38931348639094931 0 -0.050424107225203886
0.71574109076571901 0.81240990435304505 0 -0.015431813491377969
0.97816982283889309 0.093300499370843101 0 -0.073529080247804954
0.77448816992447578 0.64590075242663658 0 -0.0077191919049921292
0.68745518845334919 0.88211397069057307 0 -0.020136636554402169
0.45953995719667978 0.4286700808105659 0 -0.058692132022332796
0.71585031207693883 0.80300971693986201 0 -0.015232839859912448
0.5483799970155 0.79794249258748995 0 -0.065438906492953905
0.88157309080381474 0.33525825703875289 0 -0.05632679049302413
0.39612167820678984 0.37996903455237596 0 -0.054728409721863734
0.98246453445563608 0.92288012071142933 0 0.0090978897729226994
0.022565497510736506 0.38592324938579448 0 -0.034586812091337793
0.0094185130775121511 0.50402587871079774 0 -0.066184992687428029
0.013161664831741499 0.69735384717758453 0 -0.1127649797539116
0.0059110246828014985 0.31107847490009644 0 -0.0057229538897354002
0.61161350592505015 0.93663170154859776 0 -0.042268527396107376
0.55521237714970062 0.5170585795373196 0 -0.054422927957378513
0.90721531167802993 0.8618077541618917 0 0.0072829477554094474
0.79976014956769059 0.56424884864822111 0 -0.01213360058477366
0.75716605418017069 0.15794795028199551 0 -0.08812929067466424
0.82983870507166435 0.81235726843070255 0 0.0059866083418494446
0.7580489848526798 0.69224160838182514 0 -0.0042639913621713467
0.019438091979245318 0.026927561098525479 0 0.063875032245085339
0.84726277274889794 0.92666326343093786 0 0.00093813952618059361
0.28976269197832222 0.3450226423859985 0 -0.043592113965380125
0.5629048729201771 0.52297068290846427 0 -0.053667267096101964
0.81784737450450407 0.54074025071839027 0 -0.020059644472359285
0.83583468854965537 0.4739565335510626 0 -0.032487342763551884
0.012877355731445854 0.62541809004445792 0 -0.097107453465514262
0.33516341299287294 0.38761565275922893 0 -0.050062288171305862
0.96834323150592472 0.89988613500116932 0 0.0094276787088280242
0.30006727957593105 0.33940906268461424 0 -0.040236709579300409
0.98370988539702031 0.90993475235766474 0 0.009849878910269878
0.7910540793061136 0.49940679612075456 0 -0.027991269689656484
0.13207908358775297 0.1234475118313455 0 0.020497877375022448
0.84319834564310425 0.91623769269694766 0 0.00083564820170535829
0.0064812847503859985 0.37120538496700123 0 -0.025644058025907357
0.61095586094072729 0.90824026026716353 0 -0.0432731909640287
0.0026169930628792948 0.75786093564216517 0 -0.12322398464982956
0.90084882641126041 0.29037282380809637 0 -0.060735213613084885
0.76598049459894313 0.28945668305838668 0 -0.070218681482214537
0.86145063950067313 0.99164025086983587 0 -0.00043300314286373663
0.80365793668118712 0.56399770377717839 0 -0.012432219290084794
0.74688409357810326 0.11012796932300714 0 -0.092244888085414006
0.27508045031105849 0.26463091008124928 0 -0.02756039782245075
0.75223502515665031 0.65775097611150279 0 -0.0095589193909700505
0.78020466867795846 0.44011719250958492 0 -0.042624253197151983
0.86297119917231357 0.40665462732927443 0 -0.045848903287431512
0.94503186941089867 0.16966855540556236 0 -0.071523835766382188
0.45261673649690781 0.42219201891342645 0 -0.057965967129461685
0.13936084807529245 0.14525954280967743 0 0.013716246466869541
0.90372369962646815 0.29308880188455066 0 -0.060338637891731474
0.0078288549840948851 0.0009308819484140033 0 0.068860338814724156
0.81630892746389572 0.65847575618686183 0 -0.0071860196151820634
0.48141665959521307 0.45738703073238296 0 -0.059425628270868447
0.78016066670877615 0.36855265282065891 0 -0.055219318313560299
0.016947353186564144 0.013594304290630795 0 0.066309479356337145
0.82977974546219313 0.48182532022462271 0 -0.030600436064238058
0.8029331310972917 0.5292237211523535 0 -0.018987249511860378
0.82368291352948375 0.72104672044411955 0 0.00040348609552493062
0.37770210567151019 0.36827951646471135 0 -0.052697363683688152
0.89581941496596462 0.30713062758749454 0 -0.058249075479056035
0.77943576762664546 0.32880005273079782 0 -0.062923255100707259
0.74104674321023734 0.093716922571250791 0 -0.093724756221882505
0.81504330369246447 0.55752955377148039 0 -0.017321223627224255
0.77017508643746257 0.28744770767949906 0 -0.06983047000819094
0.0088186938828720834 0.16374738059674046 0 0.029742269383489922
0.47305788571204621 0.64902351908589151 0 -0.07523778777481839
0.8381737054513495 0.86830113271608322 0 0.00258533340556926
0.0001 0.72639812095510337 0 -0.11383983068650066
0.54278639285043173 0.81515699842797185 0 -0.068223621766706294
0.68844013636436496 0.86678227863633872 0 -0.020078829238408764
0.96964883163670956 0.11177850636268083 0 -0.072850469413323168
0.012931420424480877 0.44654395662645679 0 -0.051479880257237105
0.73938964368803317 0.086940528691353006 0 -0.094312526431165347
0.13458620780269492 0.12894836345853927 0 0.019197301496070848
0.64325261097307351 0.6091686280655394 0 -0.035267928261976202
0.0093464811397610936 0.66547241071607022 0 -0.10497529266867746
0.74760121102529442 0.11811392175379573 0 -0.091375421512763275
0.99990000000000001 0.044231688183959325 0 -0.072204485320472453
0.010266318149030444 0.23124180885030152 0 0.014997979315989132
0.53633135285123867 0.78925508556041413 0 -0.068669385013896495
0.61762689376824831 0.56923529176905596 0 -0.042795839083217511
0.16519013604113331 0.065262975518437877 0 0.0075959820059455134
0.71864996132353776 0.67387172631894277 0 -0.014331546931843754
0.83509416778651713 0.84103331530140768 0 0.0044486961791280737
0.89668457905924037 0.30650208833817988 0 -0.058353050089910832
0.012312036408589031 0.49781387174801833 0 -0.065078831630908815
0.85142448596149678 0.78971234033897353 0 0.0065327252001140214
0.39734660490405105 0.36915516498325723 0 -0.054831516188405094
0.83837865562855718 0.78597191797494914 0 0.0079778742032626353
0.41663208114253236 0.57561213414249457 0 -0.076780254532893166
0.75482851717876531 0.66753614290239049 0 -0.007572395025203192
0.52176485822391083 0.75811674314760802 0 -0.071424880948474101
0.38652678063911683 0.49140702139268594 0 -0.066057881708452032
0.94390982894629794 0.21282803357354513 0 -0.067535325980997998
0.76385399490836392 0.66225543518185603 0 -0.0067106297485301286
0.0082764102411122271 0.36959759091791261 0 -0.0251471961121724
0.72575288423629269 0.68179976828823841 0 -0.0124526408515203
0.48214939634565512 0.69624012215446884 0 -0.077607868096673582
0.97633125474104832 0.11123746660027947 0 -0.07196036363364465
0.85080280473443115 0.92913696568663529 0 0.0012739713701207809
0.41661927541510158 0.39009253540198802 0 -0.056836560366581954
0.83483881908977053 0.48940970123093802 0 -0.030055992421903394
0.15960619324089279 0.14803496598268498 0 0.010191156083656106
0.52531744452418294 0.48826239471987615 0 -0.058688994545098294
0.013239165284378388 0.57590107808483926 0 -0.085742803140893775
0.0054990028149820786 0.27193889759123757 0 0.0064062408038787757
0.38692317243559493 0.35602032155995988 0 -0.053738042021632598
0.55033911369826427 0.82228044787602295 0 -0.065167624345659411
0.88032907563296292 0.82541807949758039 0 0.0069724118164050204
0.47531196461669772 0.6717794109210633 0 -0.076261409182939166
0.67454250822246953 0.88563087124212192 0 -0.022660195465593929
0.91818659278700121 0.25035196542802091 0 -0.064018435973281315
0.83577561913742138 0.50310521827784616 0 -0.028806161887434147
0.7791893403674407 0.39219815199149077 0 -0.050441061511536989
0.012672330404320697 0.36402548456722061 0 -0.024622635352044547
0.51949810765631343 0.48504434834189014 0 -0.059040862515478111
0.2175525738104154 0.17712089801392844 0 -0.0085184829736190525
0.0082623590087527888 0.74831561675472791 0 -0.12262510969433617
0.0099604162161337287 0.22502533632683588 0 0.016722606873943339
0.77834212966700367 0.39786630516223298 0 -0.049949433163074597
0.31496135384245372 0.29594360043666351 0 -0.038901430943371416
0.74994160942486854 0.71845084690914707 0 -0.0045539764670869884
0.68202533645997354 0.8848613176856267 0 -0.020284509825769161
0.84380840521981204 0.84019039105103177 0 0.0055009144029844539
0.19638725172150021 0.14380731446343398 0 -0.00083472556659666523
0.37689822128743095 0.47600429035688813 0 -0.063937915611630897
0.65385068159441195 0.61749158836241425 0 -0.03298157942990125
0.69107833327110646 0.85840227336804631 0 -0.019837194435787447
0.0068851441288431368 0.81514653767950995 0 -0.13607348756060508
0.74471525153767615 0.69391065382481742 0 -0.0059979894195572713
0.1177755916061158 0.0038223642010338584 0 0.025034348396398471
0.81612099202973609 0.68509990303535995 0 -0.0036889582385423161
0.01282206430170593 0.23529198547397054 0 0.013259441480970979
0.81632636033677919 0.60275423666720007 0 -0.013465674935900123
0.76641673835782897 0.71119077517193174 0 -0.0023949199867907031
0.29850447760032056 0.3394070083010437 0 -0.040435488560697848
0.44700345877287845 0.41283990704685136 0 -0.058690460675551927
0.15872022943979933 0.067799022263512504 0 0.010597125873469195
0.66912439061238072 0.93732183876992803 0 -0.022889721172113717
0.82953494449041887 0.74453452533473319 0 0.0032947104051248041
0.5512677327532014 0.53273111271471785 0 -0.055212713583762202
0.47558461461568791 0.44091589580011259 0 -0.059629807132458634
0.0094414403677477894 0.27755181478171231 0 0.0039430851808089414
0.14603493140506899 0.025330782191600534 0 0.01512463544240856
0.0001 0.80816507695973128 0 -0.1340764806568934
0.71472331627631547 0.66941249072542997 0 -0.015939216502559705
0.49748484431734097 0.47032701199047566 0 -0.059612379497485789
0.1839543058825443 0.09182850985454262 0 -0.00054176484202225392
0.85713268056700354 0.80196323041205497 0 0.0073574037346611099
0.47674718062801352 0.67417077576857842 0 -0.076139610448391973
0.76377087101428143 0.71053650344753505 0 -0.00245794697080708
0.44296871951625555 0.61215723915218734 0 -0.076691487156034174
0.7902287263116945 0.47487403759103797 0 -0.033042842100415651
0.40568849779099081 0.52993025094306823 0 -0.070567398029384484
0.59622884379778496 0.89921731581148756 0 -0.049069276511665802
0.3690920463607591 0.47425304172409993 0 -0.064293540759371756
0.96083776655526243 0.12069128763115665 0 -0.074146219932585467
0.85290512274571728 0.42240661174751448 0 -0.042506971878733465
0.76257409212963634 0.2577133122276361 0 -0.075543252025239274
0.008931652680805138 0.42990397432140159 0 -0.045256311380163526
0.36800241499672504 0.3411897590392845 0 -0.050675494861903626
0.97186494128716605 0.14100441118550866 0 -0.071405396563939613
0.78047021201405131 0.41023221145262723 0 -0.047383029820230647
0.49014085412836855 0.69715889911385931 0 -0.074756916341443505
0.70555088639654062 0.81330117509779631 0 -0.017697653332957645
0.91414597643736228 0.86958136281252496 0 0.0069806106288124491
0.05124016329627671 0.042252948315060282 0 0.049040255060789392
0.83568106053160029 0.81662699895966173 0 0.0067974687289477287
0.68901862377070455 0.64028999232113259 0 -0.024218692256120458
0.80553111855398618 0.59239049947083344 0 -0.010055632252673212
0.18589287289008416 0.17018136324953217 0 0.00085499103223664796
0.28041930186158004 0.29612563708610778 0 -0.033514471313433603
0.84523699180942602 0.78593224193056432 0 0.0070722151407831271
0.35051990793234011 0.4260473446307122 0 -0.055579416300078198
0.17899098262844637 0.16126649652978561 0 0.0035483101506121736
0.647582816905928 0.9557347310597305 0 -0.025723978991640112
0.79274138092016944 0.46594451790662444 0 -0.034368945539100915
0.0035406447413942116 0.6425923213796968 0 -0.098234170171721896
0.53633132505302672 0.4970783927916137 0 -0.057634901649964557
0.74467269415618531 0.12762781034661821 0 -0.090921407550601241
0.0137035513583325 0.3480418624142721 0 -0.019940882529781847
0.89116161759885826 0.32107231463576436 0 -0.057416622893868272
0.21373424709897815 0.16814246640695862 0 -0.0079949293023195561
0.19615422905656218 0.13601503505077972 0 -0.00097958747866705139
0.86271387802444599 0.39027849098210293 0 -0.047922689893723419
0.35046451938677609 0.42937638517740268 0 -0.055858135339532017
0.016815702996759947 0.4930044043346879 0 -0.065243064882721538
0.0082515893840858067 0.56284976650463159 0 -0.081731167609385244
0.82059556786387899 0.7188292964674351 0 0.00013066534540975405
0.80467674743326834 0.51005486454971027 0 -0.02430576161531732
0.55702427219946427 0.84469956046632755 0 -0.064281124991670713
0.67557528784504151 0.91535539141098465 0 -0.02205088499648819
0.78823914418944441 0.42828716584168669 0 -0.043879373986849227
0.17166856594620655 0.16299399411084758 0 0.0050313344245433234
0.024628114811533201 0.019073026895388319 0 0.062777164062787369
0.76435701206178674 0.28475000626669877 0 -0.071321502313967
0.23163806405611553 0.20089088725567153 0 -0.013015033085115845
0.014670080462300932 0.30339642414353696 0 -0.0056917608094564096
0.64254628701232352 0.99798915167378643 0 -0.024584929397571127
0.30376981772713113 0.34055555907221952 0 -0.040401577900977703
0.56450170908709796 0.83342665708461705 0 -0.060511749028408057
0.023391456260406007 0.073336428129663511 0 0.049459479717316929
0.59759470184037888 0.9200510040030403 0 -0.049669173622691853
0.79766746880937589 0.58927885312865036 0 -0.0089268963899066245
0.38303279162031623 0.49436312200685095 0 -0.066915369931584201
0.82315089607711023 0.71465146589167017 0 -0.00076516447906957506
0.0015642459840605721 0.8537714841838383 0 -0.14035220686991204
0.0095244674794125114 0.18061678100835724 0 0.026737281497805004
0.22206351732484073 0.2074669316455022 0 -0.0098691846636925484
0.0099910357310743457 0.48047138754973606 0 -0.060324478346939735
0.81412111222162342 0.68514855309614509 0 -0.003809296225500879
0.31734662296764687 0.30723099059998465 0 -0.039851090402432877
0.0051130253216856688 0.72375717846776111 0 -0.11522333802705163
0.75087408145210688 0.1206320384163297 0 -0.091411353513980914
0.65121269302304274 0.93736800020298505 0 -0.026089550655575455
0.64584237078737627 0.98311761710216128 0 -0.02412956431287203
0.7376782868953452 0.74042208243539676 0 -0.0089839372407279922
0.014129820466923161 0.30036496270858881 0 -0.0046681932348065537
0.72696489670569597 0.73999990629491552 0 -0.012394471009806883
0.22571930530806272 0.18746497579061555 0 -0.011478868914715697
0.014877144807019066 0.25660681703699895 0 0.0082106418078119591
0.001612276885342719 0.66717049423317543 0 -0.10357535994793145
0.64256671333807613 0.59839595332321405 0 -0.034556286165777335
0.43240128097545272 0.5862293951341081 0 -0.075174738408756131
0.0044860457280671492 0.50316795384440172 0 -0.065459687015912649
0.18122836192286118 0.17729604260190418 0 0.00064584031838099286
0.005313317191493157 0.60829003376169644 0 -0.090648316908743906
0.54905353392472744 0.82436962427163774 0 -0.065992687763352251
0.44610861347516761 0.42084792864211168 0 -0.057608923997443648
0.65461222181446055 0.95230196864745997 0 -0.023828174957611619
0.8043506779878431 0.63800425210703027 0 -0.0087797137942473083
0.82124926461902925 0.72440199005025574 0 0.00087420209542294822
0.79353728905642995 0.73927928419704392 0 0.0012635267725925514
0.008158913996179018 0.59324945562058962 0 -0.087990940285848196
0.17657037789096675 0.15738279395764698 0 0.0045510459521141099
0.22782029965875963 0.21067524824879041 0 -0.010955226903654787
0.28403745805650504 0.3063658169814184 0 -0.035477939216011722
0.35744502020230051 0.45614108915646334 0 -0.061646034305373909
0.82589687206367479 0.70471961051030196 0 -0.0030463538508911669
0.0042226237293561042 0.33462932903054265 0 -0.014451121567411336
0.79510204188854805 0.55119730471213635 0 -0.016157895776769328
0.72758517972951486 0.011222444786951506 0 -0.097577775245086484
0.66638629575336461 0.92262782856537751 0 -0.023344834841341255
0.58881197736565971 0.55670775580617093 0 -0.047694235675819353
0.0001 0.83575416815703385 0 -0.13863764312231905
0.41520496780397959 0.40267716848636098 0 -0.057004486736278788
0.81257000066099028 0.64103867627803579 0 -0.009107629290467642
0.90490461199359895 0.27143651552484482 0 -0.063080373937103321
0.015242250596326844 0.024333156693010571 0 0.065390216946796878
0.51077047648342855 0.75308396049043003 0 -0.075010031932446944
0.96724882604562568 0.12585598091429098 0 -0.072618335737506243
0.43629743501401408 0.40868383695733901 0 -0.057581898649196134
0.0091854728407139482 0.27466202964130776 0 0.005040968349597998
0.86340222778813913 0.81093918326464987 0 0.007244299354278819
0.61455416037137789 0.94400069120336527 0 -0.040782272125559883
0.8077353067954649 0.75166084268440247 0 0.0048568750986577938
0.54018923562436061 0.7954827619001108 0 -0.067618806315286079
0.40488771121757933 0.38268843520808993 0 -0.055418392278093392
0.59393518313651417 0.55501575121866797 0 -0.046791369003023039
0.0066601740263207386 0.28020141197849413 0 0.0032641448505321352
0.13347093987272371 0.015901331339523456 0 0.019885231165595391
0.74129730622171985 0.094255064618534667 0 -0.093663906177208045
0.013856326914077784 0.51401498369206033 0 -0.069942591747458274
0.92002884418716058 0.26462899588798056 0 -0.063243587327759587
0.87342374716177451 0.36653207097756185 0 -0.051031302911567884
0.58662761758584114 0.89420713053519474 0 -0.053769828320332155
0.89844261922461854 0.83678739466083263 0 0.0066414378503485468
0.48060715476350147 0.69517378453119028 0 -0.078068579632370405
0.49020381822727216 0.7044100264490688 0 -0.075739663457507933
0.013153357347176931 0.42986932222105001 0 -0.046238765312269052
0.71799036008582706 0.81912695604853858 0 -0.015641582078264889
0.80257988898859323 0.58009190542638911 0 -0.0097382986272812038
0.85505522311857463 0.98078491072517315 0 -0.00049803187519608261
0.8949222611309009 0.30922819312788147 0 -0.058257925483378867
0.0090549143321067664 0.018367966418702385 0 0.066828751957174914
0.0001 0.77531397677988378 0 -0.12706932175771235
0.79304088287966235 0.5050112096615339 0 -0.02633438560941127
0.2871512332874871 0.26812355826661949 0 -0.030978763969281172
0.68201183587130643 0.63271684960112295 0 -0.026412004289770027
0.0092164840350784389 0.31486219747744193 0 -0.0074262004967075163
0.61927473963087953 0.5763884547638678 0 -0.041416720512341902
0.91922973393763818 0.25268083927189983 0 -0.06370405696429908
0.30617216283477405 0.35575362965722862 0 -0.043634733901981033
0.43464656690926495 0.60473925934733008 0 -0.077522644674855479
0.75554974250361617 0.2060999008488148 0 -0.08312584120885258
0.071045591398002012 0.066538501869682964 0 0.039175173888578801
0.49115778006331468 0.69804922109060019 0 -0.074554513762379662
0.83361891965675095 0.48447061463015584 0 -0.030546178412546799
0.75993992409281119 0.18350153369319538 0 -0.08540251611378967
0.80953750095813037 0.60987190711703065 0 -0.010540610254605749
0.010567302631279247 0.4260183045162596 0 -0.0443011697235648
0.57162097584871352 0.85495959387365228 0 -0.057820051280321541
0.65305289252578103 0.94255286661646287 0 -0.02477942463024551
0.74912355474941583 0.16248500854898282 0 -0.088003958534498869
0.0001 0.71299192546337742 0 -0.1120618821188625
0.74115259403061484 0.027982515395307068 0 -0.096507964363256343
0.020382860554076718 0.26408093313262782 0 0.0040710369285748629
0.0030878723451302935 0.54019012471345862 0 -0.074891878816903582
0.74438189524088771 0.10640299223960584 0 -0.092676061161305431
0.97117518134915126 0.9197006160986898 0 0.0082707800451992629
0.9378362227817445 0.21127824124310593 0 -0.067575428333372128
0.54908861411170273 0.81659668195443436 0 -0.065344934045844461
0.46160649288509142 0.65216835161229614 0 -0.077707996725351197
0.41750296666653813 0.40054421404053159 0 -0.056942366899118552
0.73279528679543393 0.043365531995803328 0 -0.096143563019549211
0.6061783398192826 0.56490327355202863 0 -0.044596488270631
0.33584680207335776 0.38736510863326928 0 -0.050248281706021955
0.30780018486702143 0.36707964607870319 0 -0.046977449712044976
0.79484233284420502 0.49604030529711451 0 -0.027648486350957308
0.0071981368703591952 0.6433148201688107 0 -0.099293388882680647
0.80277886999539938 0.58102677836479455 0 -0.0097510243367082885
0.80808071120761704 0.56609679640634492 0 -0.012786579611821133
0.81047966051948694 0.76093023642354174 0 0.0053876751073603495
0.41574414681681782 0.54738463992940467 0 -0.072475393442515718
0.23231639003489044 0.21509397538998271 0 -0.012373787022227148
0.38711106106878196 0.34498860631860545 0 -0.055203649201649795
0.021024250136075662 0.020601142592401329 0 0.064400912123527318
0.79874875887139307 0.55475059605684607 0 -0.014672898522428514
0.83246679225938414 0.84845529325325941 0 0.0030769498972986506
0.73451678852118296 0.006950003602762077 0 -0.09696677408227912
0.33385796393361555 0.38718822353693827 0 -0.05004893116517254
0.50234857675322642 0.46675819531972351 0 -0.05986689768044668
0.1282546948631158 0.11874331502069549 0 0.021210349998321942
0.29243919700041698 0.27366167264188745 0 -0.032504823809964285
0.368730871313315 0.46475569400887817 0 -0.061873309347080435
0.14417633184030021 0.12287674655153792 0 0.016215920890701892
0.25382997516928529 0.24860689749986567 0 -0.02175774601659957
0.82459677641500362 0.75892962869982128 0 0.0069911512108552275
0.87655445162541479 0.37589374380562657 0 -0.049901229191691689
0.62261315370059667 0.57382234699977908 0 -0.041526461410484335
0.0099478660679449306 0.48822578644059428 0 -0.061921294767001582
0.25052682235639556 0.23273675954516607 0 -0.019071273616835721
0.37085566037710721 0.472225443996663 0 -0.063418451557576208
0.97723157863807375 0.098389928838080315 0 -0.073180180396657218
0.84883602723493934 0.80235715669982277 0 0.0077470725734546074
0.16140028016820321 0.15239594757329805 0 0.0092928826105850154
0.76769347922747666 0.20962548200190645 0 -0.082072917453127156
0.17794617157672102 0.12225307559748022 0 0.0049667608547021925
0.44833252596416079 0.42159435879738699 0 -0.05747564337960008
0.52555805186573212 0.78847601032098924 0 -0.072985153038992459
0.0086946054315829059 0.37859346075791361 0 -0.028505176815844271
0.7914815878976994 0.51529900029769782 0 -0.024562141192046204
0.7619199181179741 0.25453842877650651 0 -0.075968922046491791
0.14021291855452994 0.12991674738506509 0 0.017666410533744632
0.7834568304584929 0.62388679133878855 0 -0.0085605770817428969
0.16359769269188396 0.15383426074047205 0 0.0084967661092555692
0.0029134458532210613 0.74145888269654048 0 -0.11857296301723158
0.18350872902713805 0.12008870369509968 0 0.0031932724642173287
0.77264872392377626 0.33107426928121841 0 -0.062242801566964989
0.55948804408082065 0.82144928350995594 0 -0.061834960319136698
0.0033046806991456849 0.76402776174569631 0 -0.12482724492215709
0.58189275902532334 0.54516065135995662 0 -0.048970216244283084
0.78297913408088526 0.73575143936776233 0 -0.00026083477123250515
0.011422386852737222 0.15584978587939907 0 0.030818827962733615
0.14794356671973025 0.13961696110699467 0 0.013982896499894405
0.66431583697715468 0.62643578713816639 0 -0.030509067923786479
0.9355542033095352 0.22948955092855791 0 -0.066084117255543057
0.0083567065131336781 0.55520329353434772 0 -0.079579752290330985
0.717028104501506 0.79206561564596734 0 -0.015051223014831807
0.57993433305810016 0.54417546703002151 0 -0.049179837574259762
0.75070354597207345 0.19371370671195109 0 -0.084798925289767971
0.95547032556698941 0.16652258206313977 0 -0.070450742025840202
0.0094583249281806614 0.3219664291358732 0 -0.0099304150224670679
0.52913899687691313 0.7821766600816985 0 -0.070483238795284564
0.14572716953962364 0.06169328670457825 0 0.015315591730054623
0.47149467780516002 0.44180659861235955 0 -0.058982152548985853
0.19753575245092672 0.13794908916297435 0 -0.0016172986653129706
0.014926226974728901 0.87874734509960273 0 -0.14779218773800859
0.77085634605166431 0.30128880075285702 0 -0.06785716670186781
0.64326860778106676 0.60696179553928542 0 -0.034860044812901482
0.036085041208372283 0.041448367296252786 0 0.055028894443506046
0.84179947971296099 0.90016531017020718 0 0.0012590603877388679
0.8021719275306729 0.57004409651879206 0 -0.010864946296120693
0.74772742556001548 0.70360118502557334 0 -0.0040918876407138108
0.0013821307098578052 0.90586973801238813 0 -0.14955329612348436
0.84458391707736402 0.91172908206477454 0 0.001438123310031753
0.78986954791498309 0.47242049643491929 0 -0.033393968914307355
0.82736298061415292 0.77736649182730255 0 0.00814992486092787
0.76499777459253693 0.30498386094163199 0 -0.068197119343061038
0.80281885417349608 0.54674643332355355 0 -0.016207807210152272
0.95102030409708294 0.18368036925222406 0 -0.069391046860483155
0.49658993744720925 0.71724757553465601 0 -0.075551855234610554
0.23859021784202686 0.22543542459746324 0 -0.014505335166735045
0.68303297002335295 0.64406785379431586 0 -0.025658465309558693
0.84954519006234097 0.78304735670002268 0 0.0055403992876854246
0.80605044970366968 0.61393943698811526 0 -0.010066875897349984
0.65369207019668729 0.96527880517799158 0 -0.023952852747930749
0.8203437746573744 0.75728198301660665 0 0.0069496510821155108
0.86502123493481131 0.41279220170502212 0 -0.044987150886837628
0.83507973031682137 0.79774269252907437 0 0.0080967159593673486
0.95834469078553597 0.90223561642031525 0 0.008685669205901466
0.43690921498135904 0.40951519199064662 0 -0.05759867490261978
0.75260441313927717 0.22014203719262057 0 -0.081885367356125324
0.80976876189398206 0.75988791912737275 0 0.0053010251032834686
0.96609895322072814 0.11241825278379206 0 -0.073674624677400241
0.30213227069328175 0.34217137624350202 0 -0.040659472720907079
0.47309556146379339 0.436887773997156 0 -0.059915486903599421
0.77330837808422315 0.36743046949494607 0 -0.056565484866889032
0.4502601754177743 0.425192061618686 0 -0.057861130739856124
0.42752412961961911 0.58328920135997808 0 -0.075626988055930849
0.89046710813961538 0.84512890114595762 0 0.0070819485326062961
0.81916162449013996 0.52043605475143795 0 -0.022556087954310019
0.75926156660933497 0.2504632670413881 0 -0.077040189224352115
0.68845353234251672 0.86437633015527426 0 -0.020126956898556477
0.62203026340896173 0.92239476913705731 0 -0.038529899038678955
0.84396078627669924 0.93723726646842609 0 -0.0005275823289656341
0.53363146620029667 0.77921518474320439 0 -0.068876511246520097
0.81172673246580307 0.61256422819406364 0 -0.011031256744645624
0.018316974115770931 0.26814614556598459 0 0.0039916238980586879
0.14587821952632096 0.14793621837323703 0 0.012574342201813613
0.75092540302227362 0.17930518424024378 0 -0.086214984815070173
0.77725399668514217 0.39330803440720452 0 -0.050863971114928477
0.0090721172388142802 0.34794111276175121 0 -0.019072058433675331
0.75266480192700735 0.21088993707825338 0 -0.082905540298326239
0.20285247129794487 0.15080371964731373 0 -0.0039988847928149182
0.80115380820358406 0.60068247391579122 0 -0.0090533351702500285
0.57886193288499277 0.54216093298320001 0 -0.049587038683200392
0.20351140415500726 0.16107162503024117 0 -0.0044629968216770392
0.33781953437034978 0.40184393742177255 0 -0.052530058812573797
0.31878817335306198 0.36645595973184808 0 -0.04625380807036613
0.69549848424549954 0.86494086394844183 0 -0.019311563271548537
0.018422248309613091 0.13542010642787658 0 0.034111200594921516
0.72866370682617099 0.035171081858351896 0 -0.097172926826496669
0.023554616401115905 0.06290600434513334 0 0.052293278914796758
0.67786874697594257 0.87965720556732097 0 -0.021854883677683797
0.73320087800958378 0.033307728592891037 0 -0.096182532824505965
0.62337372209567199 0.94919791564473088 0 -0.035999947679599034
0.82521956712636335 0.66322828470417494 0 -0.0086010427833974282
0.019050346272446395 0.093898038287314675 0 0.044357403629541603
0.38803096193980052 0.37114673592608244 0 -0.053536260340383508
0.79531490721552545 0.57959088996006669 0 -0.0090653488868292047
0.051824443217284036 0.043274171293015661 0 0.048682982115349674
0.19350081113927434 0.12723195209451194 0 -9.7296361345585654e-05
0.9201135424703939 0.25390771156817343 0 -0.063650276149376933
0.97572214543862412 0.91132137246265787 0 0.0098793375961629838
0.71021161692904256 0.80004672616532879 0 -0.016971943354274505
0.69921612249737231 0.65515315876779456 0 -0.021060215716726071
0.69102770827890048 0.84017963170519216 0 -0.020805828682407535
0.55130839658924569 0.78904578405192927 0 -0.06493526091699349
0.82480898952220028 0.77494923339622479 0 0.0079661333065764658
0.54215817396883859 0.50238769335182676 0 -0.056872793365517635
0.87038181764534517 0.81477851228822473 0 0.0068653824696849304
0.53481186231955069 0.77353421915523368 0 -0.068458975570494573
0.0069693687624510425 0.61273440198663609 0 -0.092010167093649897
0.0094268244197034858 0.044613284205591325 0 0.06037258204857817
0.69745236228285734 0.82592201677466814 0 -0.019805405949388441
0.0060166941623298904 0.57022978094314403 0 -0.083488787222404978
0.79066961695429527 0.59492719290294438 0 -0.009215397896707854
0.75072180079026885 0.71181213700164925 0 -0.0035565777729500685
0.36807944365168405 0.35045385906160359 0 -0.050721962034359809
0.96336556736333745 0.15398875988299981 0 -0.070888468892639653
0.80519847889855478 0.54882086407134933 0 -0.016085553771194808
0.23794836799296298 0.22485219554086136 0 -0.01421133339062187
0.8356485616811602 0.489792455324634 0 -0.030190676075845743
0.8613576144766889 0.43125994389915895 0 -0.042389723574189471
0.2260974516104689 0.21364128230656268 0 -0.011048159318655137
0.75899777537759028 0.26847592276899251 0 -0.074955817895046323
0.7952464397638549 0.45676478919998237 0 -0.036780151472453997
0.3380542592222745 0.32835051607518939 0 -0.045062834077510883
0.7989548487258018 0.5645531910362368 0 -0.012222837906527286
0.35250220174162528 0.43930081102787744 0 -0.057835736091150634
0.78535245151936639 0.74399542044701483 0 1.8253452905022711e-06
0.10858915376420157 0.10355884105475224 0 0.025736069077159522
0.71090764620660629 0.81159912581275395 0 -0.016350819453143192
0.73155463282505429 0.7623850102694929 0 -0.011230643451178265
0.63586068161511788 0.5967640323943475 0 -0.035995626889650016
0.031190671830727677 0.023310539017407809 0 0.059189175124146544
0.44828395510766422 0.42035612730166877 0 -0.057484688190002818
0.84288689991485077 0.85330269889165056 0 0.0045835443456213329
0.55880076599670336 0.84187411062305906 0 -0.063109937715787559
0.71596768310311432 0.65761131749668122 0 -0.017013557906561637
0.97870558176114075 0.91591250127157542 0 0.009677747902138675
0.0016029646892970761 0.66834441685565094 0 -0.10372180806922177
0.0011092271132064112 0.87777375197579421 0 -0.14477614421294874
0.10457139678323601 0.10145763027722644 0 0.026648940151467172
0.14771619519244344 0.035764114155873321 0 0.015006928051729925
0.54151319817195287 0.50078380146199197 0 -0.057112766858540331
0.70182990940767842 0.8152671489711294 0 -0.018915127648767956
0.74138391804448889 0.70696764062900397 0 -0.0066089389606517812
0.70419138368452028 0.82009355620839119 0 -0.017990099101488941
0.006314924464363352 0.71568851588937121 0 -0.11433180415861913
0.83293988789894902 0.71831574702241152 0 -0.0024276173592335934
0.035025449030799079 0.033611418542281266 0 0.056687121131825155
0.80128411678522704 0.4736804053138377 0 -0.032465018357137554
0.4231237490529553 0.40686553244405288 0 -0.057282618716618737
0.91962902056626517 0.243173429763059 0 -0.06475798323472487
0.0001 0.62115883522954241 0 -0.093844223051218756
0.13556579149158304 0.13345468435506444 0 0.017806002393820564
0.87035767361054428 0.81882601871438709 0 0.0071426306358851679
0.0056827506521235863 0.45227722240391172 0 -0.052224063417813472
0.41366855557789661 0.54585300758275335 0 -0.072409508804143111
0.88845913553069966 0.83588834592422734 0 0.0070970505236729146
0.50394786270768366 0.73441212019460178 0 -0.075420490955223532
0.010444033686632354 0.41440951523032993 0 -0.040579369256304947
0.44795141833927588 0.62047404820054908 0 -0.076830901711078703
0.9557598590194295 0.17403549914958355 0 -0.070028030503965041
0.7730813429229666 0.29077594272093132 0 -0.069337225945529671
0.92092722623957435 0.26198184696204974 0 -0.063445801768204829
0.0017153268566192283 0.26708874411383565 0 0.007887135799891476
0.35977093212141609 0.44642278185839818 0 -0.059134610583516954
0.0058781769830343186 0.84274177273944684 0 -0.14021515197331369
0.31964336371535312 0.39323511645570602 0 -0.052413007941060304
0.36898813867981384 0.47207078422613663 0 -0.06366071200959221
0.19347276796425211 0.12946913007994629 0 0.0001805829506541796
0.32362573421223073 0.31903159563337252 0 -0.041756410007441222
0.23788321582285224 0.22870884493490334 0 -0.015791124038460815
0.83837443705766257 0.77857263803882282 0 0.0074084524916074512
0.9492304126390505 0.16489134634326622 0 -0.071372178744558354
0.21502387637581066 0.17782673486751424 0 -0.0075544250623306563
0.42828657443778545 0.59139160282619851 0 -0.076723182161443859
0.72735413616441502 0.74237426767463166 0 -0.012218469139329027
0.37398242731166437 0.48565596592445609 0 -0.066464893964032337
0.083375710732358901 0.078942487296481137 0 0.034333615788620583
0.75402731138486823 0.22650404729157844 0 -0.080887107734670893
0.0058347364727444513 0.70081090458289008 0 -0.11107922643619221
0.017052105636425247 0.08452742058869353 0 0.047561877567325245
0.18332060091788344 0.10542031709658485 0 0.0013721849986685108
0.22795358756711795 0.21766258494466403 0 -0.012315259294736626
0.80185870872559051 0.53770669894251544 0 -0.017718764221629928
0.15272669723139717 0.14636108862016756 0 0.011854067899902412
0.31261813716770032 0.37968615173819764 0 -0.04988496410149014
0.37198218244215769 0.34719185713695672 0 -0.051285119689276806
0.01558670416133429 0.24429930865332322 0 0.01048826439129315
0.0075157568603804684 0.36599912003882562 0 -0.024108594455418502
0.38192638563655856 0.49980111073839706 0 -0.068372880770753375
0.82692026879814362 0.77030352869577057 0 0.0074950588194601419
0.32164426572610244 0.38917600038212496 0 -0.051082369976671711
0.015629207909964353 0.32486841058023525 0 -0.012723536953530842
0.83169578385529008 0.75865925683945346 0 0.0055015313076767621
0.0098810621485080439 0.69308409066707699 0 -0.11084293217737524
0.78073666357500671 0.39336991356819123 0 -0.049961356942747365
0.78680108979689622 0.58163828907710258 0 -0.012233430096314406
0.84660415496296382 0.44978847935663119 0 -0.037767708337382563
0.017742785306994292 0.40855581781657641 0 -0.040723869732524447
0.29711187300674141 0.33255215753180212 0 -0.039272622299766906
0.0001 0.20177548864593756 0 0.022386154294973509
0.29453849550263173 0.28945978225471586 0 -0.034407843896743839
0.6423025458261038 0.98740617138480058 0 -0.025056401158732845
0.89914378963570241 0.83964458425903532 0 0.0070210930972687269
0.84268740042515478 0.45589943490232654 0 -0.036401385560542801
0.74479048544420834 0.723701229481853 0 -0.0061692397669643202
0.28066666697537634 0.2839933737007449 0 -0.031592270565992016
0.0001 0.70148517312534009 0 -0.11053387369657942
0.99928669913710144 0.049973510153321951 0 -0.071655188155967484
0.47035062578412445 0.4365386060779986 0 -0.059466094109302675
0.63755055015407414 0.99739015419037169 0 -0.027119193135585543
0.85917947226779878 0.42470841093957118 0 -0.042640286903866911
0.5255659037003384 0.75270703182904719 0 -0.070490652318395727
0.8217670599992305 0.76264678251838414 0 0.0069839823648848399
0.25398287809274478 0.24151948051645777 0 -0.020397866920927123
0.83255237424615258 0.7913477758847639 0 0.0082278932916198273
0.0001 0.71570398370885902 0 -0.11240903716322991
0.97835320443759299 0.10834136082298311 0 -0.072155724583442424
0.93240934949574195 0.23190374239348932 0 -0.065608173492975444
0.61764830836438811 0.57559789735169231 0 -0.041701006966161719
0.21436054641437055 0.21168960574280896 0 -0.010792802836903962
0.40491146098485936 0.54830293522162288 0 -0.074055896958987302
0.59138966563937589 0.55190243518433124 0 -0.047511732259632782
0.5446050814972544 0.50849922755124721 0 -0.056096341655973561
0.86151356766337961 0.81541052578422568 0 0.0074077171273480222
0.73310922758288677 0.028247151867227909 0 -0.096145940182207276
0.75463597450032927 0.17617532355690382 0 -0.086123155923481742
0.83294637877678424 0.79119844130256167 0 0.008263071494651773
0.77590979864020282 0.3549717597691166 0 -0.058210569727587688
0.89861507595913881 0.83285606086914388 0 0.005861455790490422
0.6666056102372504 0.90687454782074706 0 -0.023929151975851659
0.20666506264742687 0.14355482000117983 0 -0.0069094801030446674
0.016686744149892685 0.52071876914185666 0 -0.072617033546234999
0.81790840175376245 0.68083333152013337 0 -0.0045915895064274452
0.5592981363121905 0.83763587738584089 0 -0.062435300672079704
0.78074664109838632 0.39211040051233909 0 -0.05011884622987043
0.57133969957568909 0.85647246630619867 0 -0.057935621433712378
0.97709587268179254 0.072642929480204996 0 -0.075191672050580291
0.88850349310939936 0.82785933276473578 0 0.006406024945141961
0.75340450280592963 0.68800132323313523 0 -0.005228388205251038
0.32579314723388741 0.40414122449058881 0 -0.054242092062263964
0.32110321792526048 0.36296906795060979 0 -0.045958580788979776
0.71863257115160351 0.76868961081049869 0 -0.015138722374759342
0.89535848451805589 0.32236929141346365 0 -0.057248357741757731
0.22608327372890574 0.17464443492393114 0 -0.01362826002235365
0.76349441132644147 0.2961154563644891 0 -0.069948074274890235
0.32137317932718051 0.39206719519078176 0 -0.051730723862457945
0.7918998211685786 0.46986422729466654 0 -0.033482570681754788
0.34218735132314571 0.32453268251498235 0 -0.045557099414907702
0.35776176556412487 0.32408923638194403 0 -0.049541974938723178
0.72629656785695951 0.76982392573837199 0 -0.012363410559022341
0.79921910789212602 0.53380949790455379 0 -0.018150510424217888
0.661358509731793 0.62302521365379815 0 -0.031017152678236948
0.99849523696375819 0.063329591788899228 0 -0.071772684188180461
0.36520964382571974 0.35465270085558342 0 -0.050626933319940177
0.67308864752459774 0.62168459063542159 0 -0.029159922294476389
0.75348490204210128 0.69868578073685528 0 -0.0033511824135943453
0.64193521522133257 0.98745770559750057 0 -0.025183299602727392
0.67535615742994748 0.92718258254727093 0 -0.022505391446607969
0.18881778233391944 0.17688525531191807 0 -0.00060745508325620728
0.82850473500073862 0.75997888872293839 0 0.0065004226744974393
0.86612930753618966 0.38260022291569934 0 -0.048700301702840648
0.73359075157900455 0.049214018685055587 0 -0.095915160318485362
0.18474458481171277 0.122276330432824 0 0.0032382037658238699
0.0001 0.85263594031586087 0 -0.13996795051482142
0.81152059146652844 0.75711335715798767 0 0.0058050339988322333
0.58586041232703256 0.8859368054422655 0 -0.053317751755956037
0.77068496153724153 0.27054507327103128 0 -0.073097860658845354
0.0041096975186170979 0.74949006975872268 0 -0.12158108589552928
0.30871989153609147 0.35680684296211401 0 -0.04368904196577502
0.019408322829168319 0.26456324188042563 0 0.0045377206753484597
0.42991207975959977 0.59367332927573968 0 -0.076708507084116667
0.3808867283919799 0.35969587331625896 0 -0.05261046284701508
0.75557524135203513 0.13915431144614965 0 -0.089932605904819829
0.18524255238651691 0.12322136081707297 0 0.0031093018614987609
0.33394474058987977 0.40598989204138242 0 -0.053523002464478581
0.24993588717487081 0.22088423824643982 0 -0.019920186449121462
0.018113986783420903 0.326013238141388 0 -0.014158775348127275
0.26259858644793832 0.26333167613907965 0 -0.025531162918990182
0.67742222537625507 0.88387160196927583 0 -0.021445621472071685
0.014137964126693964 0.2787743851206021 0 0.0022243165752565768
0.72848085512829197 0.0053363857702431669 0 -0.097372018290855192
0.7647410497736864 0.308342910562448 0 -0.067768687923368473
0.85527026292480912 0.43559008882952432 0 -0.040769503117452248
0.0012218522995733534 0.73031179826543113 0 -0.11537726242764543
0.36144086490313526 0.32892072490958807 0 -0.050010800341703632
0.37141986159411422 0.46173122726111931 0 -0.061510845423665084
0.83432143084431409 0.50855634310967157 0 -0.027906987063342329
0.1520517358636603 0.047143668540293636 0 0.013676502064375795
0.0032656312291992678 0.6787325587656976 0 -0.10594958871570052
0.82145100816272998 0.64155883902228938 0 -0.010489311084202152
0.55513213840125797 0.83569798114038774 0 -0.064149719471386007
0.77957907232414347 0.60146530145410504 0 -0.011441561060207979
0.32123877493992653 0.29637081507127366 0 -0.040945392673494063
0.0016392737103049261 0.39794053498150017 0 -0.033520659992001198
0.83974224234772954 0.84428185125126554 0 0.004905484967103124
0.39284061489898142 0.52074702712611964 0 -0.070675441353417245
0.0053901228390066174 0.88075733038965498 0 -0.14582293363865348
0.25303710009662045 0.24587744598889602 0 -0.021087097306555766
0.70407656782075645 0.81575748743015886 0 -0.017987697975115541
0.15227822694537368 0.15385419473853593 0 0.010148078842820658
0.77123027029432278 0.63393286154033346 0 -0.0093565979800659289
0.010307379060752504 0.46625533633523475 0 -0.056747418228277717
0.43521107518434959 0.41424308401181481 0 -0.057492499973356481
0.77930577994887329 0.41893768227168743 0 -0.046250691276410509
0.0066708834490872039 0.73663261550866044 0 -0.11912625096207734
0.59686785809600795 0.54974482164027383 0 -0.04769047289005951
0.79993494043059399 0.49272854467364652 0 -0.028284610191371053
0.85880120404541793 0.91563288308932955 0 0.0018095637939728091
0.0058707964362086189 0.80017159873295429 0 -0.13299155435830987
0.88295959214927555 0.35517858022136267 0 -0.053375393883055719
0.010408929521531326 0.30459955222364105 0 -0.0047049722771532829
0.820659650722389 0.77169065795841585 0 0.0069885190403206317
0.40446543580855843 0.52725581546316347 0 -0.07034984527170679
0.8396160720036433 0.82466976405758141 0 0.0066957402499962047
0.63771706514068982 0.59069773471624498 0 -0.036283940536492379
0.84602290971398697 0.47667547344043498 0 -0.034129903348209645
0.50635447214816354 0.48250195701245613 0 -0.059769954645760522
0.00024984368273551615 0.50611980354494612 0 -0.066100986717303342
0.0026179309147116485 0.91140819144277663 0 -0.1507097299378293
0.24150343536943181 0.21295828374182765 0 -0.016436122645343835
0.80282369244146179 0.57445803217124947 0 -0.010409774163898012
0.6561856839858905 0.94839014691871881 0 -0.023483966886085984
0.0001 0.73886176209555687 0 -0.11660111789861428
0.7736312640991776 0.41558528526328786 0 -0.048440019237633816
0.0001 0.84510529713295113 0 -0.13926404880532262
0.76861695363204741 0.34295625648913064 0 -0.061511011136297269
0.79295015705430161 0.52436054494851236 0 -0.022063810877501797
0.4631378944044508 0.44862252802855218 0 -0.05957963092610577
0.35763808177382428 0.45276950863353138 0 -0.060762052106560993
0.013004260704930062 0.30470790309602941 0 -0.0054620248893296579
0.78637579048100859 0.39466533191032205 0 -0.049669674020315885
0.58398999867973345 0.54532224154794351 0 -0.048880559589868484
0.93028463669587713 0.21136839562727669 0 -0.068183133384895081
0.0073619056146854468 0.79258217022071165 0 -0.13179536804084635
0.65826871362918982 0.62413212834039056 0 -0.032106258584463608
0.491852630985537 0.68862790404742891 0 -0.074011661858952707
0.80485461837787076 0.56890790591004192 0 -0.011488445756907599
0.7528339667435372 0.71216201901711651 0 -0.0033787156902879258
0.003227715253139671 0.90313887604975429 0 -0.14943384109283661
0.012576784918095413 0.21734112738646294 0 0.018304408882329856
0.87538624996874026 0.36627211611646526 0 -0.051134959461380927
0.23778817070195746 0.22395184710508526 0 -0.013926211180374622
0.30748617558388497 0.28462574161260618 0 -0.037232664029856068
0.84852706056553973 0.91132100920317749 0 0.0018918989373525529
0.71017208455187952 0.6724067731949932 0 -0.017590454680863801
0.31658726809457427 0.29799874804383242 0 -0.039233139730073308
0.019740511724586768 0.23305825791078835 0 0.011961475131412633
0.98708621513374151 0.070848620654228936 0 -0.073213253490729005
0.35354974717758836 0.44310044362206075 0 -0.05863489458161391
0.83576709619231759 0.46984079212913832 0 -0.03321253080638191
0.8218928441477229 0.51764900915339629 0 -0.023605391686729673
0.0024101989269869669 0.39370511709000966 0 -0.032254132691446773
0.81250450110065686 0.55609583288120645 0 -0.016498540883498811
0.61362463870628303 0.91210323859543174 0 -0.042129541426726216
0.64225905588873 0.97632887843322802 0 -0.02587462929092485
0.0011408343604875819 0.88517964512007286 0 -0.14615566182007705
0.68353414367388343 0.89196794299224791 0 -0.020659549924830645
0.35112646466569142 0.42961087515510515 0 -0.055933717546208947
0.0001 0.63201324831481553 0 -0.096123322648628939
0.54003790501374915 0.80168673939917023 0 -0.068124705344816835
0.47227735836453022 0.65592972004540395 0 -0.075527438917027775
0.7904369705100186 0.51036314348548972 0 -0.025921795227135828
0.0056808893393222619 0.81273794492858065 0 -0.13539177524120777
0.55963352904087027 0.53580204968629186 0 -0.053619207621661842
0.82442260944844215 0.7527647436669207 0 0.0062955489144442102
0.76458477461848706 0.21826803689376092 0 -0.080760124990780197
0.41759017159424067 0.56546121486730905 0 -0.074598176949585288
0.86985411046659156 0.80545988964016324 0 0.0053947857203331109
0.8122412292289215 0.67056967186611105 0 -0.0056996556930439812
0.9078930428281683 0.85485208688446335 0 0.0081037803556628634
0.0096631873005674288 0.49408382336827306 0 -0.063371318841020652
0.83375609310227139 0.85063597094502175 0 0.0031876340544501249
0.90604361455435656 0.31692049531801469 0 -0.0588527660985841
0.78503255828966667 0.44467226302184026 0 -0.040938472802575718
0.99425390750065457 0.070509839927272513 0 -0.07212933275714456
0.85751516436889674 0.98815463811513982 0 -0.00046322471719976218
0.28197185031870858 0.26947333793890871 0 -0.02962078666662199
0.7156581292605908 0.80646467246883058 0 -0.015257199228174057
0.96747638438055206 0.90082789179320655 0 0.0095372977740349058
0.77904050271706848 0.3715883730144805 0 -0.054680719701557516
0.45423215495110164 0.42633977641260823 0 -0.057927423568230094
0.8201455074392674 0.69745913950567784 0 -0.0029833945046050738
0.79539235763064875 0.49231240406854293 0 -0.028627868237581906
0.0069509147687145337 0.050127576608885928 0 0.058505888124706411
0.34888115827555216 0.42653939423943371 0 -0.055670091692192697
0.0092436377024169101 0.52657103705048547 0 -0.072362476042867011
0.12138563159778015 0.12373765309189433 0 0.020745293126937476
0.94396740518406907 0.18732199360645616 0 -0.06956813441888493
0.53956800342116173 0.79804390474880016 0 -0.067975852023639038
0.74855829875179714 0.076864654236856123 0 -0.094597039679758202
0.57818573213857416 0.54928061227124259 0 -0.049920749928016955
0.54385557109625315 0.52401809508698804 0 -0.056183125877044278
0.63777034764803175 0.99022284081158851 0 -0.027086358933489062
0.010303169435972395 0.41746136642490644 0 -0.041514385391495413
0.39369993534298942 0.50741731151779823 0 -0.068405214681634505
0.84916568488554045 0.47159836315886933 0 -0.035417603325269401
0.96979351202125963 0.080285194215822767 0 -0.076173265160192877
0.9139192616261087 0.86249012810787584 0 0.0076912357989198732
0.81505175703169863 0.68974656118822686 0 -0.0033319676053731083
0.34503953176587626 0.42701043365384889 0 -0.056508127117643081
0.55327498249024332 0.82885773182179612 0 -0.064431397270843599
0.77421377389538171 0.34680485017476109 0 -0.059854041075257401
0.00029244606443347074 0.73443569473660619 0 -0.11574914722605539
0.89651398483787159 0.84081400228546721 0 0.0072175366905452669
0.30487978828737061 0.32720845884454247 0 -0.039119263874754576
0.64348839623680842 0.98280911444340358 0 -0.02471309019241719
0.96707843787859349 0.11237803346087284 0 -0.073374343581565915
0.27312319550602704 0.27301017143283418 0 -0.028769701937587815
0.014884792499538151 0.32883902693731648 0 -0.013904906035648942
0.81830127032368782 0.51508233223569577 0 -0.023483069360340864
0.99015888900091698 0.92608625862521599 0 0.0093035714579995203
0.21649826543172762 0.20456954397548785 0 -0.0091003573818345292
0.60388478541296953 0.91838445083378517 0 -0.046358067095668094
0.0044295079192035978 0.234632426236901 0 0.014138132662887423
0.76911995359431984 0.29810602404290448 0 -0.068321867741131664
0.48846116852961796 0.45636572105044593 0 -0.059670484164211578
0.0001 0.60846881980213485 0 -0.090181481023031598
0.43145446286255601 0.39706957803639847 0 -0.058201302089658027
0.47191734062908641 0.44842171164196021 0 -0.05873649240890317
0.0047946212917998835 0.53923153454652217 0 -0.074752711410294437
0.67209550501566107 0.89600449971034857 0 -0.022948404706059352
0.66925610962635718 0.91531370152168645 0 -0.022611476609963221
0.0037171152661672705 0.28579272097893843 0 0.0015087264915309303
0.6698254947650335 0.91498376888167987 0 -0.022521715144219499
0.77269593755683075 0.63646983043966843 0 -0.0087813784632302522
0.66038357078075205 0.91941795287542605 0 -0.024898917525065296
0.83519379410163064 0.77874870710474287 0 0.0079269958033862803
0.0053181303792710754 0.64394398417540821 0 -0.098911364223184334
0.64961210109751755 0.97830980537937973 0 -0.02388499630732821
0.85420950282652097 0.43654441882794387 0 -0.040507115184970285
0.30346625243060521 0.35101935364338316 0 -0.042792532252523871
0.0001 0.68607414287452262 0 -0.10718173914226435
0.92715394710843813 0.23139268397600393 0 -0.065438054286584349
0.84941674103030096 0.8833299614828326 0 0.0027667432631447502
0.59459064461947764 0.56846216702158436 0 -0.047096960857701237
0.64946149758927518 0.60035860379098072 0 -0.034238867251003398
0.77062904946763255 0.3631062668902747 0 -0.057982329416619169
0.30154437988826499 0.31994709693043305 0 -0.038152034220683223
0.35253735376253781 0.33293166816410941 0 -0.04790749509559307
0.16649711576538995 0.15992634924653362 0 0.0065922441535445657
0.66713889843664331 0.61850047147343878 0 -0.030296528020419981
0.010672493111901145 0.53741835758217305 0 -0.075548892123489142
0.92779689505539542 0.21468574697357135 0 -0.068049126020222991
0.017090147476033133 0.017790696130564825 0 0.066338381491542919
0.74885183114376075 0.13130616340277462 0 -0.090393291779866186
0.98682701921708538 0.063975635742211379 0 -0.073632406573980499
0.99629866227783159 0.05252420896833708 0 -0.072286433807553493
0.16327067924285024 0.061655766264962365 0 0.0084885711790647286
0.0060258099111176328 0.54509290929807319 0 -0.076605087944042569
0.98830380702788945 0.92437734518615156 0 0.0096696714358179142
0.65932503673570642 0.90567772476529507 0 -0.026553026944786312
0.85213621611682944 0.79396349784605202 0 0.007133441414090327
0.9926222480739102 0.057768457742280219 0 -0.072685501224102653
0.010417212546900312 0.60927793915816908 0 -0.092495714801112836
0.36631504352143623 0.33141947963444479 0 -0.05112452653888503
0.95170296222861162 0.88684301955051337 0 0.0085820230044889034
0.79281196235726381 0.58200566439664592 0 -0.0096366051969233105
0.20123272176494225 0.1945633723518338 0 -0.005867462525954447
0.80113823336039081 0.54929618107097355 0 -0.015695989038018738
0.85747764460975084 0.966716095675068 0 0.00010825614805740343
0.63577897713977427 0.59462264194392833 0 -0.036031966036297554
0.97210882920256447 0.90521752710649739 0 0.0098407691853387297
0.26780493954673001 0.26420011978668118 0 -0.026262212333007944
0.0033405676704546198 0.78746239405075036 0 -0.13006436710515645
0.89815511219053323 0.32460162777749235 0 -0.057492193852353386
0.26301932367154635 0.26657894937982118 0 -0.026373020269172657
0.40924453651865628 0.55148593721685357 0 -0.073803061280071552
0.3354669076173199 0.40080062192160859 0 -0.05235029615464503
0.30216194699716969 0.275546790215974 0 -0.036254636373844004
0.79506557737875261 0.57312092625282773 0 -0.010826145376757293
0.74192381849337874 0.12776666861373526 0 -0.091412461783011836
0.73241691540773268 0.073587601528958241 0 -0.095932928134441112
0.5708844959906445 0.85727936784859859 0 -0.058307393676402842
0.6829507281001419 0.87659691865747758 0 -0.020733119500260511
0.26807669917892235 0.2840710638888288 0 -0.030853351082573775
0.0039443390737663436 0.82574477839541816 0 -0.13752989442971808
0.72969944113843099 0.062551209716849784 0 -0.096607354911918381
0.62152524529581721 0.95137785755108273 0 -0.036913280995186003
0.020807761995103268 0.010868627686359014 0 0.064834831202640428
0.30727055087619626 0.34288137294328447 0 -0.041228453963427093
0.80106664277511619 0.58140352127667028 0 -0.0092091402259633845
0.78481563441645552 0.61580794270228001 0 -0.0084267679369233236
0.96980034955255956 0.91006953409203606 0 0.0096861636439831561
0.82591525064685245 0.75504893160498687 0 0.006465448231595141
0.62373037144346788 0.94223838410479666 0 -0.036328268755864604
0.60569578797072898 0.90586140843672225 0 -0.045254704725246155
0.18982898868261075 0.13128638358089431 0 0.0020372924473987322
0.95417407336595339 0.88448971527805409 0 0.0082078258107862335
0.28967413989217522 0.270087676625689 0 -0.031684217964388292
0.82021473809774992 0.77464365569146976 0 0.0066579723094175097
0.81874297285974995 0.70239565209647381 0 -0.0022844226026003779
0.64708360110927921 0.99875096956311737 0 -0.023308091219161171
0.11669727798320499 0.11196438792639474 0 0.023218598561605349
0.2113324982227768 0.15208366041544474 0 -0.0085316550405083857
0.6299118879065827 0.58686190809201089 0 -0.038341334324037725
0.80439100560494547 0.59288815461551836 0 -0.0096536820879322156
0.1602053531040801 0.05656908958984673 0 0.00993355414241456
0.80591810754416981 0.52750838707240377 0 -0.019653700579902001
0.82690732857996985 0.80941439874132004 0 0.0054796680244231137
0.55502471290916755 0.81526651275614792 0 -0.063164319861034116
0.58723219413403693 0.88777770803124056 0 -0.052705339495664999
0.44535138327242851 0.6223254167208101 0 -0.077702165055962003
0.020656263445866036 0.20327200914043167 0 0.019060348477130486
0.48117179281039008 0.44680004818764107 0 -0.059690637492251598
0.58098594012240845 0.53899142940803002 0 -0.050187085706446907
0.61103264551933922 0.92265269182903464 0 -0.042924137309298442
0.0049462166836609419 0.85221318685096681 0 -0.14114584057293939
0.79752705997913298 0.45787275556391349 0 -0.036436458693911239
0.82299154323879931 0.74017119195321457 0 0.0035294854290610525
0.73004362544535428 0.76252268814830904 0 -0.011540539026737651
0.22789099009370761 0.19431665578028381 0 -0.012024502952206367
0.55331504832360912 0.52063930529703051 0 -0.054320687081693637
0.50886593704488081 0.71945582810863951 0 -0.072845944007739555
0.14307441444689742 0.033499096192731628 0 0.016886728088396419
0.50257421790065815 0.71067980512428031 0 -0.073342344601859635
0.74729090446494872 0.69496314113146396 0 -0.0050336682610134251
0.31111529361257545 0.36252439544098908 0 -0.044931160272260962
0.64941852168917158 0.99828166276509078 0 -0.023083612963209849
0.21181850188516654 0.1906691505231424 0 -0.0069031782899098212
0.75998858413441162 0.24788300760489243 0 -0.077189602845207261
0.6116336549442416 0.56745900295031426 0 -0.043623587938117915
0.133121274687788 0.12433565714563934 0 0.020248763951193471
0.92108293799639118 0.22876740994564132 0 -0.06659151987988296
0.23839145517490185 0.19395063890944245 0 -0.017558504206786986
0.84775785199070586 0.99087762314016548 0 -0.0017720701153708385
0.0011996029968741474 0.90233541231925407 0 -0.14904753849793514
0.63766530078442185 0.99336244774897364 0 -0.027062299174659885
0.82296837856264549 0.75608939422040233 0 0.0069684305572357734
0.011642509292988745 0.2277251015126239 0 0.015840469555191507
0.52682694597542212 0.77160158065654338 0 -0.070738333156395036
0.0001 0.73397199072909836 0 -0.11558171684839154
0.01203628037198369 0.40057241085700201 0 -0.03618144292701881
0.90066847901053104 0.29597208495589417 0 -0.059857146515974145
0.73509386334537319 0.044981877729722085 0 -0.09576626993507216
0.92960391584837887 0.22874732600430284 0 -0.065730155977635429
0.78864904225563426 0.56665812366564372 0 -0.014684894224361008
0.74671453418715461 0.13445775773570745 0 -0.090467631432437648
0.29581952507192338 0.32149834497889551 0 -0.03751934220469668
0.6586645041200393 0.94048775643497573 0 -0.023193200358670146
0.85163693912500338 0.99376844955520061 0 -0.0011445757395520191
0.0001 0.72565461921428076 0 -0.11369141566116918
0.25135389402312525 0.2544256774877392 0 -0.023240901691091474
0.78697192129223836 0.61145021957407919 0 -0.0087321238826786919
0.00064003675526671383 0.63642627892738979 0 -0.096885778562893141
0.14020378775867898 0.020830008537877524 0 0.017446985994734002
0.4823427232430435 0.45840147770778922 0 -0.059475415374549666
0.6780841794970206 0.88265563268140645 0 -0.021216918141431763
0.68564746694162104 0.88128202177926651 0 -0.020161254913166674
0.43273052403792694 0.39975313126623907 0 -0.058128463237051724
0.27244492092069217 0.25056495423348585 0 -0.027338944039110115
0.63900262476093239 0.59735897246702807 0 -0.035063705802571572
0.83142924346850733 0.78548852820420978 0 0.0083665400093252615
0.81085391976565258 0.55228332413077641 0 -0.016662113894409827
0.013233576820771031 0.37400898227038221 0 -0.027990410584022848
0.81466776370879812 0.52549097524468347 0 -0.020931646956730537
0.61082098179080846 0.93470700074313262 0 -0.042695425886748829
0.36803508466744461 0.33514983741300575 0 -0.051166982774206261
0.84829761299800177 0.90399835914299531 0 0.001954644532115378
0.01465582963806504 0.11226035883634897 0 0.040036237917712401
0.64601972965675558 0.96905460056232429 0 -0.025374873184725994
0.0058073628872634545 0.55276032855014712 0 -0.07861668404416991
0.90460382145522511 0.25436678363287452 0 -0.065651292569547395
0.7983782871417423 0.50971577812948865 0 -0.0246793921974496
0.3362944077638545 0.41069755121944135 0 -0.054421926449129368
0.95615921632487544 0.14474234253015239 0 -0.072594664096379172
0.64922808896778983 0.97235240742355589 0 -0.024244341534864159
0.62994985744646492 0.96769996107405465 0 -0.032320919166755079
0.77031594546843929 0.35895754455679557 0 -0.058715792318101034
0.5499913932831082 0.8289062869532291 0 -0.066118129460627326
0.23103780324659837 0.21695084568436573 0 -0.012331813111637942
0.11147319316893016 0.11379060199426599 0 0.023701089336752655
0.003956717318892437 0.094831756928660096 0 0.045163521199916207
0.29183592094539473 0.31993791487399587 0 -0.037462670810386456
0.85088238790561388 0.42540000557224689 0 -0.041745218149505083
0.70953120812381543 0.65914800689532327 0 -0.018162020954722229
0.7861470619857871 0.40704178398011176 0 -0.047664216518768621
0.59405830111286062 0.90178690840957987 0 -0.050119570047616857
0.48918223800728616 0.66645978265752959 0 -0.073685027792712535
0.65909476336063644 0.94075758341336924 0 -0.023066746618546404
0.18898975853188957 0.12294434914081376 0 0.001280110218463096
0.73250998776056153 0.026555282248157487 0 -0.096417019265581869
0.93167633689332408 0.86711302945317281 0 0.0072289674589842215
0.15838034880378843 0.14869656528168806 0 0.010485497603067844
0.012533224928567489 0.016080194375890939 0 0.067383149689807229
0.68900352210726667 0.8418694573059311 0 -0.021476481356029555
0.0015101647303341161 0.6425745569011414 0 -0.098044022648961074
0.54791359509237147 0.80744484538697736 0 -0.065557147635293633
0.049112444995834476 0.047425766791782092 0 0.049467700337512105
0.94846246976847104 0.19350285092183747 0 -0.068836025455570909
0.25413999195365344 0.23386775312787747 0 -0.020522070529529663
0.75993678806741505 0.22951976614979736 0 -0.079437527275080813
0.53513594284074539 0.77603654876849681 0 -0.068399731764087562
0.90599355938037218 0.8532286731002815 0 0.0079219251197839517
0.017440187575337218 0.30843133250838151 0 -0.0084402712279533759
0.57391043745222758 0.85387491345460098 0 -0.057075759048395021
0.0001 0.67336213816435508 0 -0.10427229090931761
0.73536407947326232 0.048464068135525153 0 -0.095673183255109845
0.74978035889955952 0.15876871271031065 0 -0.088252701892708882
0.46493506060448153 0.65219556145594537 0 -0.076756130504807368
0.7921294331798826 0.46628585119993488 0 -0.034295109357825988
0.89622068376412012 0.83017661322582004 0 0.0057327889077616843
0.79347766803861142 0.583585362764521 0 -0.0095128111319808771
0.73851344488842341 0.037542222880464098 0 -0.095913251845481134
0.6683289708497413 0.96097750254643088 0 -0.023509460548978057
0.97527724929704274 0.070762338623693133 0 -0.075888771516506429
0.66958040759497928 0.90952153599056662 0 -0.022952754759744693
0.23419542711243377 0.22158424850057551 0 -0.013508678612266886
0.84100020347395354 0.8702387879595529 0 0.002864630807382819
0.7527108967583469 0.69700182925940446 0 -0.0036467552902166643
0.014748764871513238 0.27961657420651664 0 0.0017010645178318021
0.65562514991731879 0.59250055288177628 0 -0.035266526153501607
0.5746578852400207 0.85803152651724945 0 -0.056972944089122665
0.83541391616494032 0.81897586735078631 0 0.0065669524239345533
0.12789711448323068 0.12349521556809394 0 0.020741142726266426
0.31801944003346017 0.37625732332740203 0 -0.048512411429181793
0.85089884212455436 0.92812371115159797 0 0.0012996000137553286
0.74675796639819281 0.12165418476654094 0 -0.091151274193785187
0.76641983686161874 0.23196704459771406 0 -0.078789888549242404
0.55237582877840097 0.51869432707952656 0 -0.054436936696848154
0.34951897347741173 0.32170317436725299 0 -0.047505122918936056
0.48494489688183851 0.67383891205044544 0 -0.074307220428306439
0.60359248494788453 0.55852099565646007 0 -0.045692984142934628
0.45354594281761806 0.42190082124228789 0 -0.058225841381496481
0.78624770128219257 0.61378803342004373 0 -0.0084832277541758167
0.0079089828584500109 0.43718791170335253 0 -0.047438901231979913
0.49350599585388749 0.70257509351846226 0 -0.074396704553877979
0.35170444017955393 0.4096206505209749 0 -0.054430935440730674
0.78100423914337613 0.61148582986038957 0 -0.009711429005565566
0.91598562154345498 0.25936259110736271 0 -0.063512453851575543
0.81625950338465492 0.70823625854831729 0 -0.0014107648667125981
0.0087316258789851761 0.31563186441792807 0 -0.0075683671339973162
0.80092954695808638 0.57255660356153448 0 -0.010421633555417122
0.010070178337257518 0.20792188182228841 0 0.020715481280336071
0.12699426295657579 0.12518368859642731 0 0.020359482509325288
0.0076151735163875571 0.36522942396215974 0 -0.023940885631675391
0.010672004789075911 0.29966694879973016 0 -0.0036146506739932051
0.84866911486583607 0.93792819236899549 0 0.00039838428005398657
0.018434862102356217 0.20422033053488101 0 0.019607005679482842
0.43423827439976032 0.60678826482002868 0 -0.078077584417224594
0.017599979920629796 0.04403990855845144 0 0.059886421916244076
0.63764557563127677 0.96847450268141477 0 -0.028707230946557763
0.99990000000000001 0.047451405844945956 0 -0.071581774161419684
0.018421481933668063 0.12896326105503261 0 0.035517953022558731
0.15453960070328471 0.048255597317141109 0 0.01249199822275212
0.79011807050990734 0.59769321687568289 0 -0.0090674869637786589
0.26961276756834557 0.26246769251776186 0 -0.026306394188601111
0.69386777613190265 0.84029394389068535 0 -0.019908593650007789
0.8909698365467601 0.84572814224398674 0 0.0070854993432364968
0.38778564858156539 0.48342705057370761 0 -0.065142742051333954
0.95522208986831014 0.15908719521279419 0 -0.071078038560880352
0.013307966450491732 0.016585224157114765 0 0.067313529147025639
0.66546980101309949 0.61460543459643047 0 -0.031073729992778239
0.81566577946317864 0.60208100658333363 0 -0.013246993707893815
0.0043656568165701733 0.59616819744269978 0 -0.087955129073657448
0.0081212362653615942 0.35054751817528801 0 -0.019874707356939917
0.60301046871531105 0.90269014992193952 0 -0.046369282796656704
0.92278258290861492 0.23853487126533887 0 -0.065087705324450434
0.43281525765660278 0.59109564187704611 0 -0.07566600422071304
0.88078810044402622 0.36976697503854494 0 -0.051248256398455698
0.0016937112728801348 0.6505589648687331 0 -0.10042824344501647
0.77214325291910413 0.33925337792308019 0 -0.061215769502624043
0.81164320424468539 0.64916985922888637 0 -0.0079092949395640263
0.45649999972162097 0.43394913360732673 0 -0.058549388632954655
0.73765358865690744 0.71407482834081748 0 -0.0080758043072981529
0.016372336865077535 0.25905482608755653 0 0.0070946891385574489
0.005715950672792282 0.61526084110412849 0 -0.092596929286490146
0.34676530596657246 0.4278623579970175 0 -0.056256442794227264
0.15849036960803153 0.15200457777502321 0 0.0098773073233498435
0.83072437836671942 0.77975308914422836 0 0.0083341548642827269
0.25266502986383466 0.26502493030532109 0 -0.026064950604922598
0.13570106226570167 0.12778290232334122 0 0.019259378173192402
0.31288011941407301 0.35736195390614744 0 -0.044041621779117066
0.7326441995255103 0.027786730101977682 0 -0.096229869189485326
0.86084766551227043 0.81911410342567537 0 0.007246162604634062
0.14474824094910818 0.13388591437520453 0 0.015627148470863664
0.44831370564114092 0.41914783405281797 0 -0.057728709694650451
0.0064371090068570903 0.48983527265133098 0 -0.061912381249969929
0.012159751667640944 0.48696320545773369 0 -0.062304619661954844
0.81481965090396102 0.76794508126384919 0 0.0057877831944591947
0.21964162136087423 0.2171634924245574 0 -0.012413212960155939
0.0096479735525273735 0.36836360680252589 0 -0.025033240297778075
0.87760660761349096 0.40443457911567998 0 -0.04766230265353269
0.45785352355993103 0.64272476881779095 0 -0.077421322562006525
0.13927095632180381 0.11863152064472918 0 0.01781298286130711
0.0052323603939001566 0.84596936021558933 0 -0.14035796970092404
0.40453375002613906 0.53756664956067168 0 -0.072025457639982873
0.79742830196931058 0.73920337388928725 0 0.001658591184748524
0.39365513920946532 0.5281681873964067 0 -0.072130742404013112
0.99142808151350237 0.038711328025251138 0 -0.075428991168255521
0.74075687075083907 0.71900196873455313 0 -0.0070126710432418448
0.0077228551097135757 0.21574401740234639 0 0.01911678102467659
0.50409831271927341 0.7441125330198739 0 -0.076513656439194028
0.74022532193493251 0.10992346516281641 0 -0.09312236612501025
0.017319997395911804 0.17834887250403209 0 0.025383105733812521
0.50338864827875762 0.70950741026519715 0 -0.07311990338016694
0.62359647459358203 0.9531397266870546 0 -0.035816118100546447
0.43395715976234017 0.41243690582031611 0 -0.057365818918399765
0.12098318461394728 0.10390252953937143 0 0.022596956394595177
0.47578904314266723 0.68741700273906803 0 -0.078574642902096564
0.77304772595145721 0.33220044317098907 0 -0.062022988870402959
0.0075790664363259135 0.12330284453097995 0 0.037694143153314139
0.7762305978457642 0.72131803389024107 0 -0.001617304651001563
0.24949878477040693 0.24001878099518104 0 -0.019621441872803815
0.63068199444226702 0.58575964484700394 0 -0.038317919374158252
0.87477106289165552 0.81326552098643323 0 0.0059857097277501489
0.83264099724272711 0.80516985301271182 0 0.0072811530308349096
0.18022295421590467 0.17506209835723352 0 0.0011901449137544703
0.82272160524451976 0.73730868405447703 0 0.0030108165691935069
0.65929886768038737 0.94401600135908847 0 -0.022972565374879281
0.84237862318277501 0.82935301508750781 0 0.0064841129662056895
0.2562629877496046 0.2456219226669123 0 -0.021702858396255822
0.20561098258746335 0.15381849201445752 0 -0.0053104057079459595
0.29230881090061117 0.33424443597151487 0 -0.040454710530729583
0.70208553126304896 0.66074111490074516 0 -0.02011169306601036
0.76213543200167799 0.21696007179441262 0 -0.081095510162660298
0.58470552908645379 0.55490866507721182 0 -0.048642108816489324
0.91045949761071732 0.27261414973404319 0 -0.062478069942879882
0.89558409396546812 0.31340314689319831 0 -0.057784510437202528
0.0037595075640756573 0.30715953347656505 0 -0.0044288333357773409
0.25432626322441149 0.24965380555876895 0 -0.022128689838199052
0.030364397914523857 0.039607317924908347 0 0.057586450063998811
0.87009591097512617 0.36644628183916733 0 -0.051528890514003223
0.68370325596194881 0.90431356166589982 0 -0.021312144580854665
0.23380291833596639 0.21703197789608863 0 -0.012853412761116878
0.018301781169137474 0.027247729528616472 0 0.064218443254342242
0.78268106077520361 0.38194804991851905 0 -0.052268866313943979
0.0055273508908567342 0.79484822971216018 0 -0.13170349172803716
0.94956923012735783 0.88543960127486243 0 0.0084878603519038306
0.83691494655328991 0.46284519574105465 0 -0.034723483998146433
0.93848377301644781 0.87683360959574896 0 0.0078212969787902868
0.172230979791865 0.17142618431754528 0 0.0028897515560182248
0.2273744901284582 0.21208734667018939 0 -0.010926031545054931
0.69606190067999119 0.85872805265471797 0 -0.019223881348428194
0.29662855968192536 0.32763814149251419 0 -0.038145865849564135
0.82549959816831586 0.72695325535079103 0 0.00085464906083162996
0.81207984592282234 0.52665543135198056 0 -0.020377543595877613
0.82871268485278038 0.48982615373412625 0 -0.029204731915588155
0.73835373105103419 0.73495592845961655 0 -0.0086059924534954892
0.29255106462886354 0.26978668833931824 0 -0.032938463580790264
0.012978037307277781 0.17706882645493191 0 0.027038188764242119
0.018182134237329103 0.04600095678709229 0 0.05900102580599241
0.74853109970583775 0.19301517627514919 0 -0.0851657318250304
0.69459212445139629 0.84581488378008751 0 -0.019455292094881432
0.0065651445476044793 0.87067547467587536 0 -0.14441971685436444
0.47625827383995789 0.68178152642613843 0 -0.077406392403830432
0.75645758986584155 0.65912808033279635 0 -0.0082966021399470923
0.011241104871378204 0.22840851635750561 0 0.01575296882356737
0.35089696270434062 0.43069649893038842 0 -0.056149740720622413
0.83158870194560275 0.80939159293702989 0 0.0068071805024125485
0.68392988418630329 0.64058247667991752 0 -0.025367704511288121
0.22161716036642443 0.19299393342031693 0 -0.0099335947377919478
0.014654100544035717 0.017953763363010439 0 0.066987065234924911
0.5182142346869697 0.49506656747696665 0 -0.05924281637318881
0.0001 0.67910434722784352 0 -0.1050009977286729
0.18346211248030964 0.18080089901898458 0 -0.00070396455753437008
0.012983611001963796 0.26091000379514701 0 0.0081552395729954427
0.75416095668618854 0.16904874220832952 0 -0.086818503392666002
0.89993243719388016 0.30360865492257633 0 -0.058991323437345526
0.49772684761382918 0.70429118496459253 0 -0.073783977975976606
0.37142985278453816 0.46465300972850249 0 -0.061725243655090523
0.78733332414464885 0.4705080297686185 0 -0.034677140697273651
0.1847158474246037 0.13129827038730518 0 0.0033373297389991301
0.009050404898676959 0.78237852217274595 0 -0.13012697880994037
0.87991753943807061 0.37300864708126796 0 -0.050814980133241261
0.32343369591654203 0.36647529828213332 0 -0.04675739290436369
0.60073458901704702 0.56643690191059681 0 -0.04552339701037799
0.79349625736007501 0.59338940976692511 0 -0.0089209599982262161
0.8000966803398748 0.58238996322212122 0 -0.0090875788058013187
0.014171437953250699 0.15663120857099438 0 0.030396270293461973
0.24554336078677286 0.22865371422742656 0 -0.017279069367371926
0.21443608758013227 0.16206621557776948 0 -0.0090225978431094749
0.28242276576222414 0.25481575392799116 0 -0.030813586376261939
0.14868763104929958 0.044791422034281748 0 0.01511999403575421
0.57325822838164653 0.52669080297467596 0 -0.052791160528949582
0.026427380686032662 0.039615447675071538 0 0.059012772778431144
0.84427656371224025 0.85454522900832652 0 0.0044833361091839103
0.59631099609514926 0.55882796675110435 0 -0.046223759432240323
0.72327359179036732 0.7701354723211381 0 -0.013290842702943237
0.0078515929056563252 0.17090729187579168 0 0.028822805713685676
0.8061495299107031 0.56591840719544761 0 -0.012072118476226272
0.0043839110121277258 0.32694752746758943 0 -0.011465706841263567
0.8081913901918889 0.75059284559135442 0 0.0047294098569120721
0.71969842396450712 0.67545193447019025 0 -0.013899446589863093
0.8564278342784909 0.80426715501579704 0 0.0075909227521801367
0.85113022610471278 0.42692007554937444 0 -0.041569623406562083
0.35863376194486796 0.43560153038900229 0 -0.057438505265800056
0.0026033402182945265 0.4901192856269998 0 -0.061833808483740565
0.84880907611555823 0.45167161287499852 0 -0.037836427645309353
0.13397120764986398 0.12541077901452455 0 0.019953590333694139
0.81095987329856811 0.65252548468522087 0 -0.0074841465019487869
0.011242610623525769 0.51066403788889991 0 -0.068447388820051788
0.28220670800159381 0.29761728198303233 0 -0.033889129145880305
0.74234273415620955 0.71847091206773173 0 -0.006451870880397891
0.78486769304923543 0.6165464472836375 0 -0.0084381745689526555
0.30582962156650367 0.35413339164458102 0 -0.043158040219322076
0.30691196459949494 0.29962066939869375 0 -0.037530562378965411
0.577154940362679 0.5402524944809366 0 -0.050211436273829971
0.85177661132254079 0.94986638670743062 0 0.00010451527628822915
0.99990000000000001 0.93372334027007631 0 0.0085682641331641905
0.35046405498209776 0.42115641879441845 0 -0.055268972358280301
0.008553277460691221 0.37408143647461495 0 -0.026818252707103054
0.40284058806741124 0.38054686767495266 0 -0.055149069792791529
0.7630500983355557 0.674092122090727 0 -0.0058809151602491746
0.0003405834789218078 0.79474127691431662 0 -0.1309962168003074
0.78269313638973614 0.38784461990395003 0 -0.050863628869690286
0.27577979862056812 0.24970483028491547 0 -0.028603706576047581
0.85123872577559545 0.79309745535600162 0 0.007155165273028773
0.72628517784701774 0.77214991574714376 0 -0.012451248281516872
0.59804310995574694 0.55390598490515952 0 -0.046704951470052394
0.010560698918708278 0.55799736002390254 0 -0.080823588260686127
0.21935478064747191 0.17638272540048272 0 -0.0095066868006583732
0.21842446427830525 0.20658224794093774 0 -0.009426644006188983
0.29634558492646601 0.32556502327296061 0 -0.037863571294014707
0.7694971007263266 0.24835425418719578 0 -0.076439506800666024
0.87819335748202354 0.36344560393136927 0 -0.051842862127087531
0.90615888410813739 0.85593429579559643 0 0.0078063029537865673
0.48379612684080348 0.66968178069152884 0 -0.074154017172326253
0.21052348509626537 0.18083884596135488 0 -0.0062615492894224477
0.99884192952300888 0.043871320200358555 0 -0.072642307243896073
0.81906689330553817 0.66036104835647125 0 -0.0074469164188105345
0.85612626423302751 0.96370688235918689 0 0.00029202808106881551
0.82040403296878373 0.64038625569561736 0 -0.010396683381448288
0.78238166458335434 0.41489466321492202 0 -0.046415514420743376
0.41764799070004399 0.53536257380079921 0 -0.071179431471394952
0.96444922977853675 0.91049728207837421 0 0.0087800713827140449
0.017061189233812574 0.028471224534149495 0 0.064167225719950594
0.35658702027483413 0.43797551614819469 0 -0.057345825033975707
0.95851705218704275 0.15930864890486979 0 -0.070725242391692381
0.16374134661401338 0.070280844913990226 0 0.0085994808807157517
0.94695461700663863 0.20774086660998733 0 -0.067971128585785412
0.010798516072323806 0.48941503365062511 0 -0.062353394372639911
0.58406615056256495 0.88368435387493582 0 -0.054187526684019868
0.75929128763436238 0.65554544385823965 0 -0.0084300332981983341
0.1874116617593943 0.17061992904833423 0 0.00036836734086977797
0.77840102061097061 0.44410987676725211 0 -0.042321789401756113
0.01340002746921575 0.14284784788275418 0 0.033022944294062814
0.23016757216807252 0.20069595090965175 0 -0.012378711001690223
0.0069203400718572871 0.88582467662092645 0 -0.14712925196451374
0.69268954583837739 0.65454623251481381 0 -0.023027701610989527
0.013732510207331376 0.039584682534483877 0 0.061591901252621442
0.79394263444145385 0.57581824424434591 0 -0.01024602077703299
0.0040454855282193855 0.53190978799984368 0 -0.072984641396169017
0.48782039914004394 0.69005970736992839 0 -0.074873110709661642
0.015124082421234452 0.00051039817981318877 0 0.06696950051321636
0.016485637867086421 0.17288483954188807 0 0.026795350998400295
0.12388099922578698 0.0078061354666834476 0 0.023070036466859702
0.23547775810134441 0.20794623890992744 0 -0.014112113575577108
0.3578161704951841 0.34466993755959668 0 -0.049206853095767916
0.7491755367415075 0.70756742270467943 0 -0.0037423294531396221
0.0082925670624726978 0.17737784992731323 0 0.027725571650253824
0.75663753480305818 0.23788376440470196 0 -0.079081114200138455
0.46626077699442164 0.43817613643264991 0 -0.058852118745875676
0.45936932635736827 0.63693272496767872 0 -0.076583162289062978
0.19982085694229695 0.18243196042334373 0 -0.0038506661191561637
0.25151348150745784 0.23608971725352237 0 -0.01953711151674991
0.84577570293728255 0.94151337903304566 0 -0.00041071804948127527
0.0090872600225069908 0.60569666090918306 0 -0.091054288550254825
0.20684930435279811 0.19008104018000424 0 -0.0058852131218290566
0.39580903983014321 0.51727129184194209 0 -0.069556884869622304
0.0001 0.73813621329906554 0 -0.11640808481733529
0.011636681904650172 0.32980749027462403 0 -0.013475675153061809
0.28488296751002229 0.26826303139209284 0 -0.030262536860761906
0.46997915103523191 0.44710645257250448 0 -0.058683435215524868
0.29603729976182708 0.32716852537856916 0 -0.038120416620050827
0.76406135353845495 0.33050227861709247 0 -0.064502209826536608
0.87776542763714815 0.8202642453948773 0 0.0066824545372662176
0.38858966991301297 0.49454540973174327 0 -0.066505506527494179
0.30673681244787532 0.28849902034185504 0 -0.036860197902303687
0.76656438612773381 0.28349203920244986 0 -0.07103893889316637
0.68327358631224167 0.8855826419378181 0 -0.020181995266767894
0.51343952673865079 0.74316976018619874 0 -0.073039807283277219
0.017021920694304499 0.09921905412195732 0 0.043227421689640319
0.21015443498502481 0.18351221836836307 0 -0.006146389290003074
0.88300784066485904 0.36867343066736646 0 -0.051914383507320132
0.725431901921056 0.77169380885882766 0 -0.012577056255231343
0.42663310043911806 0.5671774870100259 0 -0.073797332509168104
0.74233266794053299 0.079987835789540995 0 -0.094440922370949296
0.65089416184328452 0.95046644311242423 0 -0.024779783914639718
0.77103636303194534 0.28727566775943159 0 -0.069823947689210186
0.76940528083387805 0.32275137019529432 0 -0.06446426921184914
0.45132466739452259 0.6240454639689258 0 -0.076712574911964176
0.4456615765614067 0.63324102715301589 0 -0.079550985772956773
0.68791048457434134 0.63525902194731876 0 -0.025048728568834725
0.64731626437203804 0.97940732122634766 0 -0.02408698913614133
0.61396848653380565 0.57677650002235858 0 -0.042406460269427571
0.135597332622405 0.13732971734695432 0 0.016430732207473424
0.48155854050113556 0.44513571444018735 0 -0.060037911735121324
0.012246703701221667 0.24927698818603727 0 0.010066961502025443
0.012934628218369158 0.21081157996153999 0 0.019784009830305267
0.81724581961877518 0.49490661946117104 0 -0.027745289554244209
0.74799137897961598 0.18679496861256384 0 -0.085967884270996595
0.025799080926814967 0.039045756905869283 0 0.059340308354848853
0.84685810738388789 0.91479095745939776 0 0.0015391804978941066
0.009170811043429988 0.43907898428414999 0 -0.048276805069649306
0.53695403922047946 0.76943968612499936 0 -0.068203970248722573
0.0057471438455069914 0.61165330374215687 0 -0.091463880132605063
0.8661610810672824 0.38188623316814613 0 -0.048836866158294467
0.74327636605127645 0.20289141790430981 0 -0.085597526484127884
0.010438663188085513 0.19318866432959897 0 0.02347654014594747
0.84613894065060025 0.47437220185482359 0 -0.034290071670159267
0.57877951029302976 0.54680068382605351 0 -0.049523677132148683
0.93514275907978839 0.22110734858722506 0 -0.066701898738509055
0.032963422508820374 0.033700767452688581 0 0.057550837407210093
0.93500083912827414 0.2069058715712698 0 -0.068175933429743651
0.44279803495626163 0.4009992114309992 0 -0.059916081302251144
0.077095824994229428 0.082679294748233753 0 0.035158700195380706
0.68006542276269055 0.89549518512910642 0 -0.021197436557989946
0.8412304609169563 0.4420507077969319 0 -0.039055971789288067
0.10290803666447493 0.10622079476849129 0 0.026184873903171552
0.87611397465602747 0.37834904686887305 0 -0.049580127242148747
0.77623543778607029 0.40388139430770165 0 -0.049605460512449163
0.49233389164430341 0.46187413931635801 0 -0.059590914915010153
0.017804331410765057 0.079380719467775071 0 0.049065489502952406
0.18973425225013019 0.12751589637192146 0 0.0017587905878919514
0.90692795236242507 0.27659570476877593 0 -0.062236634504989889
0.82903261150558638 0.75892226474010871 0 0.006364188871605201
0.92305462523648529 0.23114954502898377 0 -0.065825716057341582
0.90554710452716736 0.8472460664309408 0 0.0074428768515085002
0.0055597910891975041 0.70419684960044515 0 -0.11176386874280995
0.79264914586970503 0.57272368494518544 0 -0.011561787397803842
0.74790504324831331 0.19701971379694383 0 -0.0849557111427892
0.98325043178635574 0.92372942730623353 0 0.0089738773699637349
0.89834026949976942 0.27595833548059284 0 -0.063307595606216335
0.32910462977660004 0.41662613016438926 0 -0.056964523257997231
0.99318585637902423 0.07188164377658858 0 -0.072261874840210183
0.74993705907474428 0.69900911959737599 0 -0.0037465479752825815
0.79241676640169301 0.6134927849511137 0 -0.0088825563044944
0.32712539089816939 0.32287733843548777 0 -0.042695635917496304
0.29658131590279863 0.27446106462140912 0 -0.034023487057012677
0.49095948072737589 0.68421141814026976 0 -0.073978039374191992
0.75284912813299898 0.1684535158200533 0 -0.086906099647344165
0.0013575023621241245 0.85515056074464302 0 -0.1406648591447538
0.89167564599425886 0.3041333112031458 0 -0.059718884070670844
0.82646068416485718 0.5087787048164798 0 -0.025980310590830825
0.0001 0.68139884827954589 0 -0.10578573294533587
0.99452512369998103 0.059270980122381751 0 -0.072146499686850107
0.63923068232124081 0.99651998493608651 0 -0.026114305906625654
0.76059537538783195 0.23572052176482886 0 -0.078490657712514719
0.016054486610335733 0.39497650197834627 0 -0.03550215194329065
0.31598587004074624 0.29772562051546436 0 -0.03906103032272018
0.7187177969098012 0.7940330860133582 0 -0.014606977516483488
0.24258038884312061 0.22948532415323708 0 -0.016478071589833738
0.52146752793502904 0.77640965162474496 0 -0.073392953180973705
0.91398304222483828 0.2709433564121273 0 -0.062583111261820423
0.76809264776889252 0.33661902658041837 0 -0.06241050139570653
0.95742045938733689 0.89255455086628588 0 0.0087796953595078078
0.3505687131204448 0.43977826606908632 0 -0.058397180761610289
0.73001529148855004 0.74755831256016703 0 -0.011305212619357709
0.66219895415326324 0.94181600888311379 0 -0.022859592011378837
0.22619527216037863 0.20373158843356304 0 -0.010892022124426706
0.0089604128026380195 0.5796087523964879 0 -0.085733595049365632
0.68704632413266808 0.63778018697215788 0 -0.02476075290286368
0.95216133661028501 0.18167900021161232 0 -0.069524657555950289
0.010665829022604592 0.65139986541891748 0 -0.10221013419788154
0.012835686705945709 0.21158426655725432 0 0.019636267379179916
0.7497746151843967 0.12694340904271362 0 -0.09072562809154272
0.94177509737696119 0.88010504987687777 0 0.0080617656101859645
0.31147137696190946 0.3664426172166515 0 -0.046197867407471713
0.42126610919853374 0.56310280227289988 0 -0.073799734065073647
0.77778640184041681 0.42597012220871872 0 -0.04565220221050223
0.014400597783436579 0.082255653630881137 0 0.048557556551286442
0.014478689511861211 0.65778416314178645 0 -0.10470005832435593
0.052782510703415657 0.050069198179756184 0 0.047555915200926224
0.0001 0.65853359097897823 0 -0.10208451416388362
0.85572666902198691 0.42757009523892586 0 -0.0417649764992171
0.013995656115354142 0.25413380351062126 0 0.0089420766237096709
0.64444061262311625 0.607768977346411 0 -0.034766817822595476
0.016216785944807664 0.026927111163497247 0 0.064691547606894287
0.25723650363375677 0.27655528006459046 0 -0.029039318271657046
0.41388627168253983 0.38322711690501549 0 -0.05689077607239984
0.39633647491123036 0.51905275522311878 0 -0.069746140340453011
0.67998858793493178 0.88129002637865017 0 -0.020799792603168572
0.76325975323552042 0.66924025349178151 0 -0.0061925466735776877
0.40437351509289637 0.55562819810106379 0 -0.075726142201480565
0.47122995430579989 0.44899112207244529 0 -0.058846571534906529
0.8603570000127424 0.80960524306231074 0 0.0074800026125426402
0.0054539853766871951 0.75846326951507248 0 -0.12407008602186936
0.14276800368683976 0.13627403138158567 0 0.015715816172330997
0.95011520637813518 0.17742316271534142 0 -0.06994694899470412
0.44965766472833579 0.64323413711265909 0 -0.080030149893590613
0.23951487828550802 0.2212950061238084 0 -0.014416877689397872
0.91612715962704672 0.23931446990317473 0 -0.065896199163216249
0.39062881347898443 0.49441919420305785 0 -0.066519883856884343
0.83411088940192601 0.78208022177613878 0 0.0083986203029308305
0.8076467145479026 0.60842184726995052 0 -0.010192906107097581
0.88638761133981936 0.34651605681662984 0 -0.054684692287395066
0.25739546938074298 0.24725763171249979 0 -0.02233215471801284
0.88767938053852746 0.83209210884693319 0 0.0069438508164490235
0.87970683707534014 0.83082202055031362 0 0.0069804441096737628
0.30420857331493451 0.33308525677973455 0 -0.039625807438095267
0.016842111359713956 0.018947620162627198 0 0.066271321806139649
0.009260307085766039 0.12785129893440902 0 0.036586483050508899
0.022265233596710145 0.040032423803132468 0 0.060053114175699397
0.0078132611585600802 0.18457175779142401 0 0.025825948498815705
0.25363897963809745 0.2409846270191715 0 -0.020251940805899489
0.0053044899398428267 0.86011446075851172 0 -0.14252258225473227
0.65290278698263526 0.96806688609668123 0 -0.023930473743949417
0.016726723000448598 0.069575023941223002 0 0.05174405063206363
0.24512466523249041 0.23002433333161226 0 -0.017184278701571801
0.010298775988426335 0.39688689799677984 0 -0.034566753660371236
0.014960451554100963 0.13522996859745193 0 0.034651007528557348
0.0039607447291048793 0.74619219734748732 0 -0.12046649594565123
0.68212076313577175 0.88815928928629573 0 -0.020476731365443191
0.79939316012114425 0.55921415998604673 0 -0.013584076753708695
0.0063599980666712574 0.20910050396773022 0 0.020733432563359803
0.56657433483189468 0.85553287745682882 0 -0.06056875649413606
0.005613929779502003 0.40496212039491142 0 -0.036558183552825599
0.61559042917547269 0.94387672698735359 0 -0.040074180687496984
0.77242182723979369 0.32604591493891427 0 -0.063419856176029341
0.18976709836476155 0.13869945520571864 0 0.0017827950719328089
0.8001889073528512 0.51813086796840579 0 -0.022364580360317143
0.94114220700449602 0.20018186223193307 0 -0.06833947208121488
0.1956892813140633 0.14083986796724957 0 -0.00049227308319271237
0.52660214157431706 0.78649210499819489 0 -0.072134713547303331
0.0067168396189078239 0.0001 0 0.069059396259719991
0.73755510798123414 0.68041401274322022 0 -0.0094493124713187857
0.70259848146826109 0.8243130831466412 0 -0.01842251166796947
0.0001 0.5912703976450423 0 -0.086541079655074807
0.84264970952364493 0.89384711611867995 0 0.0015624986717555419
0.92856432364751051 0.24237506662404676 0 -0.064929252862177433
0.21562132217102936 0.18128968425829547 0 -0.0077429409542904047
0.84432766947347448 0.45173752374318349 0 -0.03719547343426334
0.13573244208704902 0.029299932818710551 0 0.019152803882891561
0.0093129961126238395 0.17619182018893714 0 0.027902948771548492
0.3033529804573965 0.28720528424748515 0 -0.036026229668993485
0.39144051171271976 0.36666790674632449 0 -0.05385554816250597
0.018879891028807085 0.12905642501617523 0 0.035414814175910109
0.00065282375341754739 0.17331398923402264 0 0.028726763722813142
0.89999292560026511 0.29436232012800934 0 -0.060146736308550636
0.64447756302870396 0.99990000000000001 0 -0.023605998203546162
0.26151582718002425 0.2638550454890895 0 -0.025615581259514401
0.92973529843829172 0.24128203512017335 0 -0.065079720290205326
0.15597549717902601 0.055284003771377356 0 0.011898382219267672
0.802168940849877 0.52792176943192737 0 -0.019286954960929949
0.74619035001298795 0.074813433175536848 0 -0.094608809829213297
0.40362261758773871 0.37669387523564934 0 -0.055504168103337907
0.76230350894413412 0.66431097099268799 0 -0.0066143249256326699
0.76860516955611635 0.2802023875896022 0 -0.071431091441072514
0.42724411752111863 0.5669695855818393 0 -0.073735191093654673
0.79372222409461146 0.49496346217754317 0 -0.02812015433129084
0.0001 0.74155158313541347 0 -0.11797327397892811
0.22095800549314137 0.20728406552698697 0 -0.0097221031210064524
0.78682643155666565 0.5725142958684144 0 -0.013988597089794805
0.76838330124489085 0.33147997106824412 0 -0.062948230924678508
0.78201386252922578 0.41144930948295688 0 -0.046923857421146284
0.66079312684447489 0.62161784193992453 0 -0.03119099327335435
0.69342355475249062 0.82395993800376899 0 -0.021370759322059892
0.83208078008161102 0.4671342892054266 0 -0.033686275173152508
0.81999027921830658 0.67582277570867522 0 -0.0057506489190203994
0.76008572824938558 0.23628131881483158 0 -0.078486954915930163
0.1464368108511111 0.15727719894843215 0 0.0095786232162723191
0.00069916912524813947 0.60215656426376207 0 -0.088880334149522899
0.82282753695458244 0.73847131994497039 0 0.0032524616212274149
0.81336809229904861 0.53239609742652261 0 -0.019770233857072213
0.73141249408739184 0.06504494914072996 0 -0.096185615238955149
0.57087983505356155 0.53179228869000683 0 -0.052167673738681579
0.015360078927078559 0.26430619261265054 0 0.0064937140651656769
0.0050691124079366642 0.72352565886144982 0 -0.11516043781919319
0.72912461535863171 0.041404390050640304 0 -0.09703564088024895
0.83631693034844679 0.44260315391997512 0 -0.03908300586616846
0.86519924893871081 0.41560517651485213 0 -0.044624479581673558
0.77776820185096829 0.41979048942557806 0 -0.046453495388828848
0.77581335036604748 0.39243160667758076 0 -0.051669160776653185
0.91791563119172259 0.25687676713553864 0 -0.063462260075576468
0.0059707436413721556 0.3884387157285446 0 -0.031350896397573672
0.81998835913094292 0.50827506373758524 0 -0.024840275393097459
0.1850835764378293 0.12157332164425438 0 0.0029488421362776759
0.83162207195196558 0.51152707384519958 0 -0.026875272311179858
0.00039495784556749756 0.78034986241909954 0 -0.12825698706699221
0.66470115879734115 0.91744831155369233 0 -0.023686490974575737
0.096404614474505837 0.084750995685098557 0 0.030072327068931117
0.20053904245315049 0.13640593259343994 0 -0.0037714989625499862
0.79726499518382721 0.54620066321303384 0 -0.016684823950955083
0.4244829358301011 0.39473202743728625 0 -0.057545752222248482
0.99454416416834746 0.061422878067665172 0 -0.072084029841146521
0.76280765409407458 0.32098518304089035 0 -0.066228993205319872
0.41213780237954162 0.37301599561816834 0 -0.05768553696552077
0.77872623128842688 0.35982491028342767 0 -0.057043823519595631
0.77491399371147474 0.65422352036796616 0 -0.0071374145676505315
0.98881016957346879 0.070632878992960821 0 -0.072872836196150856
0.0001 0.86297116295746101 0 -0.1423980697720226
0.71833653342375348 0.6764213026792939 0 -0.014452855476748013
0.94338319332973086 0.88266995544242377 0 0.008137034651772455
0.78242681405568848 0.73248239835416606 0 -0.00040976365633329148
0.95132312956056053 0.88451247816320411 0 0.0083926386199913178
0.13469608668729827 0.13768136865393935 0 0.016269657499490473
0.64643951985063086 0.59947345898051752 0 -0.034269264197560996
0.0034444255171787227 0.81841764515846016 0 -0.13623019329646541
0.49638289930258572 0.46948741325139087 0 -0.059537901612224775
0.66024071607060308 0.94259609317452564 0 -0.022789534149114134
0.73587781279264064 0.12604952554378682 0 -0.093070117371792535
0.23770102428723927 0.22334262645915223 0 -0.013852274450781136
0.8951518729337401 0.30609982202809854 0 -0.058578280598480602
0.85507632831277702 0.96555636235494402 0 0.00021172128209894208
0.013565465065042619 0.020559539010730356 0 0.066448680599395335
0.0001 0.31175895477853693 0 -0.0056051554801400802
0.82273931641603792 0.47161189923233798 0 -0.032790273521605504
0.55724940094318487 0.81821268125912061 0 -0.062507268814617545
0.050849501351041951 0.036802715789043851 0 0.049475677393488168
0.65069227157526854 0.94992116706572804 0 -0.024905122362078612
0.014344251828475893 0.17487328849415351 0 0.027140177705169598
0.44100602973348368 0.60286686587178584 0 -0.075997631220569392
0.82000246541535582 0.50754350906844903 0 -0.024990404908191616
0.35563665564967373 0.46360749143125302 0 -0.06435770785900935
0.0021647433869333671 0.79328552676671205 0 -0.13084434450509011
0.92624655029256509 0.2296226822910562 0 -0.06571350541802605
0.80639912863892882 0.54646531732153081 0 -0.016676124273174758
0.24097937356622892 0.21797963665606088 0 -0.015307135184389453
0.96964748316801852 0.9075973158258569 0 0.0098661760754793458
0.011730602260926745 0.31836553500502113 0 -0.009187912875280136
0.0001 0.70991190850299402 0 -0.11172349156331469
0.017406720801728774 0.073895275744651753 0 0.050691820043744923
0.91624718587768006 0.24346312478745952 0 -0.065160963319141021
0.81340012805382511 0.75661083336997748 0 0.0060464649261069616
0.0066327342833211716 0.82542205628139609 0 -0.13781405543175734
0.67846863013521408 0.88061013530215793 0 -0.021324403269237447
0.81778372258274246 0.6781536064396021 0 -0.0049245049935436221
0.29248271725423303 0.31794802948346901 0 -0.037201596961952507
0.65150882842520452 0.99474726253474832 0 -0.023313692770682071
0.76725016378382693 0.6554622476963452 0 -0.0072153552045555163
0.51833540302285797 0.74130696077378977 0 -0.071780450249023312
0.65616451318331692 0.6136120990861591 0 -0.032534596762681875
0.36952889900062158 0.45632750035644026 0 -0.060877759177143852
0.86811043417030709 0.38416055652021802 0 -0.048424696821777462
0.38352207577075698 0.51504692604303037 0 -0.071584959112579949
