# nuage : 2000 diracs autour de 5 lignes, sigma = 0.005, graine = 0
# format : n, puis n lignes « x y w »
# poids : aires TOUTES egales a 1/n (newton)
# erreur relative d'aire max = 5.700e-11
2000
0.83739115609106896 0.90423837864194623 0.034060989707578898
0.25586240168736868 0.23870695615506171 0.014880545299614432
0.49587143922813232 0.71544981750410486 -0.040096134871470221
0.5241953095344476 0.75508406454686994 -0.035617127238852769
0.82035397443556834 0.75607621876371012 0.03818577343919529
0.76468582715271638 0.25170898661969121 -0.039011274812939145
0.78968607261904888 0.48737930203682922 0.0061099892697116971
0.95584830703106316 0.8880985753955789 0.042708306224558547
0.67710325586779163 0.90825935606505082 0.012000317919367922
0.82347000825499961 0.7195243494802841 0.033566960746533807
0.14766115571293617 0.15021181438427691 0.041445162717913014
0.013946863153452865 0.38853367734517541 -0.00074267805149468707
0.71971714130949516 0.68626374062045692 0.020956004180416033
0.40624360734887904 0.5337213247879613 -0.031576449819820079
0.30089958126407479 0.32815727988096011 -1.3206649503980095e-05
0.69725463573602164 0.64212428878362671 0.014803710674942565
0.80399694796738996 0.74792334522833226 0.036396977373574037
0.011964302597228964 0.32067049765556371 0.020004384304284261
0.83014584459118157 0.78505329600977447 0.039853970922700835
0.0001 0.52385336293351203 -0.038130407004713804
0.62017180678569828 0.5869402227475452 -0.00073515073655110869
0.15382898961153116 0.034755071302758345 0.040931835785961948
0.016715803803864584 0.19733327136093171 0.048119315359748539
0.78914187067139618 0.52250013295445141 0.012089361310527631
0.74171569097760193 0.73480945252955776 0.026467784998528143
0.59021021579554089 0.87995564258538383 -0.017544127720238653
0.85250526474016097 0.94143719434676554 0.035074586824330872
0.0001 0.59126233675282147 -0.055399303638287323
0.57857409475027588 0.85885405479850119 -0.021649269676371465
0.97069923855568918 0.11671088935714857 -0.03274973390490625
0.0001 0.4417873980190552 -0.015120659419982585
0.78205062159110061 0.61293878918421996 0.024976677782518976
0.96347389556308338 0.90277204450357473 0.043264869920634157
0.36862968555424658 0.46392442407385914 -0.021843645364729103
0.0095359288979707506 0.59327068952156725 -0.057032833715367867
0.75603730198242425 0.67423104301295667 0.027687120315171378
0.84182396149606276 0.7804521717598053 0.039312886620241877
0.0025496753557981292 0.42945116161525854 -0.011477027147272688
0.69167296696900316 0.84273593175580108 0.014246964582018237
0.4489076943221989 0.40755265706833921 -0.01789732115103216
0.000736847183501501 0.41697654022984287 -0.0075938851401205279
0.72878655240730428 0.005388487354107024 -0.064511312343264238
0.022109342715399438 0.14883359874778757 0.055808153630937288
0.46096741398210467 0.6328451117323961 -0.038486214319666118
0.79989358886604711 0.74989203764925938 0.035843031235562303
0.78775225065373589 0.59824687839817869 0.024176731431980784
0.7704431251250492 0.25147337212788856 -0.038767196516010988
0.38991417269825002 0.49419897906167715 -0.026119323433845452
0.63891006228168512 0.59919942581469177 0.0034696379529155566
0.59007114856104392 0.88868640290590561 -0.017572440932918543
0.13067315606275157 0.11895026116856031 0.048372020474567623
0.61667342996683183 0.57928301610303901 -0.0010533577264289287
0.84392101142121745 0.9055145975353458 0.035583347466545318
0.30365400709350626 0.3428225716009935 -0.0022319654369291828
0.22391648694691393 0.18554595190476686 0.022671896157785552
0.25700405879168781 0.23859027129701491 0.014440388453794698
0.7785620262570806 0.36109094906309253 -0.018190031410974306
0.49188842129600419 0.46729368313333697 -0.015738070419764237
0.98653060558902594 0.91668996584739537 0.043982789083868365
0.73561829226240105 0.03369936748924026 -0.062900736188313031
0.98613400320559363 0.92294355515186299 0.043733946609083467
0.79487493912961249 0.47193067914939169 0.0041396543666936264
0.80863731275696504 0.56754121390256806 0.020460692144577599
0.26462315826872251 0.26011965481774979 0.011882062786235208
0.958379186947666 0.14583116544005945 -0.032270048112089472
0.81410980023279389 0.656871651984551 0.027386791266753585
0.41241740993567627 0.56895827747932848 -0.03846567930629867
0.19078497758498264 0.13148830046682847 0.032054762997122739
0.65710281159706174 0.9501274754129857 0.0091631298687443012
0.55476146428484552 0.84486929900302854 -0.032470465767758222
0.19272270410814404 0.12831863021276327 0.030877908984919988
0.1906726492976609 0.13752062181299393 0.032365505352535774
0.87225688918078881 0.36887639501267799 -0.012149633136317055
0.23622660126552211 0.21512659659702332 0.020412047992753229
0.52855255849985205 0.78299328711539617 -0.036810183749088621
0.16649660729221336 0.072998019348483587 0.037433729387202422
0.96657373777711808 0.90840754439322913 0.043288905441089834
0.010916591436993698 0.3462012494283791 0.012680913569895633
0.57097771718921442 0.87043482969782482 -0.026665704599748909
0.20191051356681786 0.13063874432149306 0.025769184481010877
0.019409466114465944 0.0048812776020593935 0.076910757953097486
0.52129439511170272 0.48198231132783392 -0.015762207407046702
0.54362737772198 0.52458916314033399 -0.01311445063243593
0.34491704144059826 0.44234971105680299 -0.021189008454015217
0.72117405881143781 0.77985752228842009 0.020853520913388504
0.77661020623324672 0.28844799139329386 -0.032061612116687399
0.7439047573829275 0.14894145420238977 -0.055402501276854435
0.80561817099528432 0.56615454778653462 0.020975575357837884
0.73589084482280209 0.074504072057443749 -0.061681871693651413
0.89847986765789101 0.31317995204646748 -0.019123107162628016
0.84392617866634334 0.92368566256424856 0.034656270769927305
0.057396298571192245 0.060593759834582511 0.065639437849818183
0.33733509443947318 0.38891196875986322 -0.010021438624996111
0.85179088305809869 0.39245891120044951 -0.0095314489942922992
0.21628805709958035 0.17534504614333038 0.024949340538933155
0.83724105333862275 0.5043019640767894 0.0072255521555193748
0.014347587327338169 0.20126731213052171 0.047838560632778859
0.34353845618590811 0.32635700599990586 -0.0056065951628918517
0.28205098399779804 0.30699496954567201 0.0030865486720983992
0.00089239454854620794 0.00815110873980536 0.078378255754162726
0.017299728438948569 0.099438917628835735 0.065341737193533311
0.013514804232741462 0.51491487681487547 -0.037480694412491675
0.22438702752020132 0.1814168696020475 0.021761884841564817
0.0062570496969201229 0.26956858867526617 0.03431830161726232
0.94532281679774244 0.17338304681687308 -0.031351176372547904
0.0072315839409480076 0.45752407803166983 -0.020289192991173641
0.90972841429183282 0.85343518116641304 0.041501610393408793
0.26842426172775485 0.25894129280236466 0.011426524878065631
0.3551293902150664 0.44481840013297697 -0.019227430101048187
0.92013276064194771 0.85495882418677482 0.040637089642705577
0.014630565550301356 0.44239278202092785 -0.017472218987920292
0.55566166164917374 0.51841579310523245 -0.011279474360426846
0.42606592209977656 0.58560923742684312 -0.038098966467539019
0.80039416175192024 0.56581613968627109 0.021306969609505337
0.43885195721793213 0.60071686440590477 -0.037870870093148185
0.29617709676327925 0.27884060919077841 0.0042830623007016032
0.011231887139094881 0.011818696311636422 0.077927984383037469
0.43852909611828678 0.41930472626479498 -0.015012739181311928
0.35697049094800748 0.43942223792392238 -0.017779248838526024
0.89739563185785454 0.31786064601222669 -0.018691204325158285
0.083554126420806715 0.085825264469616594 0.058510100991071359
0.13669783945399691 0.022807683742085572 0.046755331106979214
0.64971299801372584 0.96528837158006109 0.0078683378291445373
0.63878585067068572 0.97551714437879644 0.0045247046629862224
0.45444528189661348 0.42552334902567401 -0.015303276766169535
0.14556348351630469 0.054806446636228662 0.044369853320823022
0.87299396657054573 0.36528102424876535 -0.012706599465878106
0.90137353989955471 0.84732751032156461 0.041344626376124537
0.67474591985404653 0.89792135848765708 0.011864054464339361
0.79996816983031926 0.59803173204763005 0.024466166498094806
0.0085669715274863528 0.6058526901026503 -0.059974527105282491
0.74527712541607272 0.18081940860860998 -0.052069782287174085
0.57904739151279394 0.84954480315279102 -0.021828569493537064
0.7789433744291816 0.62966136242334236 0.026160061180487013
0.63311590785107119 0.98212218670478446 0.0018542027185615081
0.69571473759005642 0.86932342919166283 0.014882392727779303
0.32873752595463512 0.31033198031627368 -0.0030021076173043157
0.77162917948215171 0.71562229493168938 0.031621975167998723
0.29076267440197523 0.27584116125775565 0.0057219146111298878
0.37295895506992638 0.46763797924369738 -0.022215345820672
0.85673380627589202 0.96929811714228009 0.03462290458540454
0.017045833627754411 0.040784518461740506 0.074928531517653441
0.0083454938305250748 0.27002727628989465 0.03406213902066621
0.17392683530542866 0.098093941444842875 0.035834783409966472
0.48840633744084722 0.68581457754175645 -0.038166897933162455
0.53549275183466882 0.50952296296550637 -0.013593597991962067
0.011062774399504777 0.58792293609205548 -0.056136308464019111
0.47577487823917386 0.66507340420978789 -0.038836685303793084
0.011205729543220893 0.043270868994366232 0.074929315929423618
0.78694559656154661 0.60220288104592357 0.024525138869689253
0.47506358586014191 0.68617934783389611 -0.043111835307844001
0.5941105936287292 0.90437968488678078 -0.016718586578167972
0.73567231566953217 0.054113953349618014 -0.062263505666127775
0.32819709868019475 0.38072302456571916 -0.0086514095784842038
0.43436417483391082 0.57179477609676133 -0.034727948155628005
0.74346540314527709 0.06529373806111799 -0.061425112782978589
0.1421272894092443 0.048200411445686944 0.045356746162596571
0.0015605352776154877 0.89104228558405074 -0.12562610015386227
0.81024520292464475 0.56694065296471086 0.019954236650433371
0.74858098811960572 0.15069258862309681 -0.05408360074004101
0.8358454383694166 0.83218406721998772 0.03849128525475843
0.98204171459482248 0.10452020271230902 -0.032388876008297748
0.22558620463159063 0.21297516278073778 0.022894514299299507
0.4677168153392014 0.65187668104996077 -0.039127393937685329
0.82571461457234063 0.7750321013277186 0.039449702399127977
0.55586813219002473 0.53274100854220063 -0.011290111307825521
0.0072380659037707008 0.53459839213167792 -0.041507676071960431
0.59798240436372496 0.56039439618607301 -0.0043584795074333924
0.11128558512338353 0.09816177487186005 0.052656330791035558
0.83992998631401905 0.47292062007159746 0.0037400099310162631
0.17415385482590898 0.087325574364132574 0.034881106088003017
0.12741261575530302 0.11601795537800416 0.04908894336119328
0.75134912167986168 0.70196688811835639 0.029199481732407488
0.84325379938386036 0.82743683581790362 0.039593295178843919
0.45644558152024961 0.64497379554870737 -0.04157496564411764
0.1916730074742172 0.18215030190149831 0.030908059806655931
0.0065117746857900668 0.26488257847591024 0.035333326470117221
0.81215650179695476 0.53192490717498364 0.015518104803128454
0.72898870342840771 0.032626313898334501 -0.064229642947313911
0.0080127367443358702 0.40338097281086049 -0.004032479915728894
0.62884503910938616 0.5852253973660283 0.0013523929157646386
0.45314298203624231 0.4180718524428047 -0.016429189870118689
0.49414890689497803 0.70701297165622479 -0.039288310550468858
0.87075050324579395 0.38322762316523795 -0.010264437510795393
0.96927632934228114 0.90147058993212925 0.043499973655099326
0.73700374232919985 0.060381513280744162 -0.061923557772143839
0.81095222103276787 0.56311785529979252 0.019419277651126873
0.29071276137910301 0.28393729456311589 0.005514976178322497
0.84837783746879591 0.4236259984086867 -0.0040966088230150813
0.83505631143641823 0.83594549592543155 0.038103056495099971
0.99990000000000001 0.047978192968136858 -0.032914927932191473
0.21256907321165316 0.20155181300595151 0.02572093015119151
0.48205772790732909 0.66958564407085108 -0.037968759506279481
0.73295177520848676 0.68078562641097429 0.024451183179916167
0.22938702018229473 0.18886638650639179 0.020270169526720776
0.85231648255868619 0.90954636855025739 0.036144609920903223
0.41186688334572541 0.5597328733586141 -0.036130978741312686
0.72063880813786119 0.80021321069525075 0.020274415021679114
0.79563341559897316 0.59855225927252298 0.024609476315334965
0.918373152449937 0.27207322666949035 -0.023536258786186079
0.43829126616979208 0.60822715862385412 -0.03946437270375433
0.8153071726681641 0.68268600902024268 0.030087189689155851
0.90681535885902032 0.84888438821153067 0.041244384591062583
0.74890747213648745 0.70447571150045063 0.028846676346296
0.83318015072369145 0.80257057148591537 0.039709293653886917
0.010203365649882168 0.49774334030189127 -0.031872781178156881
0.799819225836085 0.57805938034324666 0.02287271500678606
0.6460390977781495 0.59535574622592813 0.0040836702009023444
0.60963752040336872 0.579128915746563 -0.0029527652238534666
0.81063966710388802 0.5913236490429068 0.021885329702906648
0.80121479365091697 0.59485357304172515 0.02418528416246804
0.66940003750743959 0.63379332929567156 0.0088147570549578641
0.0001 0.69328097677018041 -0.080064279033061292
0.40149580114532696 0.52890792707597956 -0.031371291374485369
0.99370674323030606 0.91918256000332221 0.0440285151544045
0.34150618064359062 0.4093552041945811 -0.013226716332852544
0.72470461066965131 0.78651169550369671 0.021330856007256389
0.43868972032764769 0.59385373199169011 -0.036969490903421692
0.56899544414792502 0.83634891927612087 -0.024815836965967689
0.2626675158230129 0.23553391221529421 0.011287722995455898
0.19229605781537112 0.12107679698495866 0.029877102461342356
0.49516524560254499 0.47308466571036728 -0.016009166566520024
0.79810887469674696 0.53446322650077427 0.016185969868666019
0.35553609660139018 0.43886003079730729 -0.017760178315047906
0.77651398333203669 0.64817095161523863 0.027243919652792679
0.48719393298190655 0.68469212597997731 -0.03832500200286626
0.87682583251555146 0.82321251825427377 0.040689186466780436
0.011747400257784996 0.04546559904704859 0.074595804588948336
0.46394680468509564 0.64180873693151663 -0.038762204914065582
0.83691752919630402 0.79880868962768514 0.040137711028143931
0.64502501223483899 0.59676668076360373 0.0042323661586127492
0.084712431689900225 0.068141529713663399 0.059027295651133738
0.1891735447432773 0.14676565511299833 0.032794243958721048
0.94208821348942506 0.18374912768868459 -0.030601267823680181
0.8020206036790708 0.59469982793859022 0.024094492106085351
0.82837965998185825 0.80883531290788935 0.038491247734994079
0.63935948401002907 0.98484543841176808 0.0050636930509658853
0.0071130452722941101 0.55466000692949358 -0.046816762968155859
0.24145247589682781 0.22173526449361677 0.019017007029797656
0.0096513199270889007 0.69691555481458978 -0.083147466984813803
0.63390083084623983 0.58485514164280883 0.0016444003447516967
0.46268753787304651 0.44425083617147892 -0.015826607375010529
0.64160204677124522 0.60460110254167421 0.0038429369823954167
0.70006569622535053 0.84460352199973576 0.01593347754080781
0.17419110716784733 0.16085455973734036 0.036373481087752679
0.89253520483574955 0.32193617881253367 -0.018097722675569611
0.8288343033763651 0.73880124632467792 0.035214082872590188
0.40167720692782716 0.5269226674513261 -0.030908356481566437
0.65085288241417838 0.99129641375170952 0.0082739923058673219
0.75467812237422782 0.15450708868158453 -0.053288644775189062
0.24385993334062572 0.22059821471009439 0.017934829848123543
0.28137373100036533 0.30967595004348081 0.0023495326713531134
0.59097762318271019 0.89013845249757906 -0.017208461350688223
0.80477275508519686 0.75042247019850983 0.036607201983974276
0.47255121252509247 0.67922654158608897 -0.042702844313811744
0.15680494450273363 0.053288709835505953 0.04072154242031073
0.43258814157273306 0.39644706138738511 -0.016412580267538716
0.75769761004577951 0.23003069387010669 -0.04318415766599612
0.41571732631373176 0.56914112288984753 -0.037326568569178917
0.0068970943533767492 0.0061417090548107614 0.078357506395838342
0.43567390100514969 0.58955210495244548 -0.036730688073434686
0.79695496728807025 0.58042813484845412 0.023146354290452684
0.017755222863285368 0.27029499979897148 0.032256971855157593
0.7779483530063569 0.36629986561128824 -0.0172567869518815
0.27604426513551883 0.26753657995019353 0.0093819269074290473
0.78275437399241321 0.60787960842959665 0.024507634657046959
0.048643180604583974 0.049774557566403532 0.068521172117287199
0.88366778948070124 0.33922951822969799 -0.0163234655577051
0.38885225497604031 0.36833443014645667 -0.011741638755623035
0.7123882215641042 0.66277157917311336 0.019278863089248262
0.020263918753014046 0.013981950448239857 0.07666550458772485
0.75906505641584388 0.707249405348233 0.030269098803473969
0.81916694071495044 0.52778713046239734 0.013754174400531203
0.36224556786367101 0.46084242551010901 -0.022208738831891305
0.79516625816412867 0.53011799403361848 0.014886988855894501
0.31209327984092294 0.36116660523209493 -0.0053669456491442641
0.50452896544426573 0.70893660367076106 -0.037124756611721904
0.18532692405540291 0.17497079501513008 0.032867330985225054
0.6841788843855876 0.86922843294928553 0.013342766846275108
0.85832928358066463 0.95841056053200824 0.034798744888385316
0.54912453144240225 0.52740697518955826 -0.012214215233806856
0.65169903135622897 0.99707813116041444 0.0083671978227642663
0.3408004094114821 0.30489724286721004 -0.0087577424153654077
0.43984084246186361 0.61139904254409072 -0.039695751130528853
0.35186484558892783 0.45014525594803528 -0.021640968446516293
0.0072942511661630797 0.72774084146597251 -0.089963796548792802
0.65393236121706144 0.93463695477591757 0.0077288979210550085
0.38415932775590045 0.35760534678616479 -0.011818764260455056
0.75414947383558173 0.18541282224977221 -0.049616224416982116
0.63869723406934964 0.59449672958218269 0.0033655382239297094
0.55482356451332238 0.50944633652883942 -0.013064784879477993
0.75084680121556724 0.71121880590653375 0.029203036572638983
0.79145162823082049 0.54478864800706073 0.016419746891379171
0.0082032921661022752 0.600620125339422 -0.058566685985649902
0.027552144522091336 0.00054483749213195742 0.07480312506301974
0.14378343290534965 0.043194269271007842 0.045014298722578158
0.47631024411283712 0.44999914477393094 -0.015629483844969108
0.79662684872289435 0.75414790375591489 0.035013901606152489
0.23928683698244083 0.2238105035347904 0.019720331385151647
0.79089421100790436 0.57774945553655765 0.022028167893052897
0.79161985238519839 0.44526542721968615 -0.0016933417972360906
0.00067223735929153317 0.67758612729487366 -0.07635713270164135
0.72003925728262574 0.81209660919660864 0.019636799923747235
0.74283081286608554 0.13283547313228766 -0.056775870122956831
0.15564373381673727 0.1413253486400208 0.041588237746725557
0.0092158882871963728 0.52835125968367325 -0.04016937208409628
0.19809177861590754 0.1281604620301568 0.027708332653753359
0.0001 0.395479116856504 -0.00095733705382548828
0.93083640055222627 0.87784466262255623 0.041694034441025721
0.99565207193722294 0.075771463894138399 -0.032539069308621063
0.69090111578651603 0.85249059030124996 0.014447643251705389
0.58034531755244789 0.87998568901312646 -0.022120510091182266
0.78818033424265999 0.47497220377533383 0.0036433187824641104
0.68119979747942172 0.64312954392260169 0.011584665062342007
0.019703681466586034 0.073246367964856771 0.069704914102677734
0.43365864399716669 0.40990614607478026 -0.014642071657076108
0.78092032924235499 0.62318448437276253 0.025837008320941476
0.84921364117310982 0.88058780075513421 0.037057461557468391
0.84310733754116973 0.91940108258603448 0.034733483233991065
0.79753044531401718 0.53019194699829841 0.015329551370925315
0.83870155729090023 0.86422653812083783 0.036915009484613702
0.73354421019729621 0.74367045777044483 0.024387064931488317
0.0054331889103427997 0.89524622306685198 -0.12726311699294973
0.28843524569946882 0.28109377802402974 0.0061177924970457938
0.27508594015205345 0.26241557078753525 0.0097621842181942718
0.63501639064782689 0.97637222182402783 0.0028674572796954408
0.21018254751631824 0.19022343742667033 0.027179018985682278
0.97031213045239639 0.14056091918818497 -0.03134948203109171
0.91662732565346383 0.86010981724323821 0.041642912487527925
0.76438293968720639 0.32293578638305448 -0.02720983008017331
0.72924041490366898 0.73208531314966663 0.023062777303130413
0.0001 0.76739429765800871 -0.09845562598729396
0.74781233403568859 0.094628453639870866 -0.059261456001558244
0.38973845987149736 0.53006261279303724 -0.035289990710892519
0.011379369609075513 0.35684730221733552 0.0094521865427697992
0.0086822254634592397 0.32572631284935194 0.019011669231855332
0.61763373940582778 0.93977996660652274 -0.0057239043744242712
0.14571542043912269 0.1288540921775973 0.044454428591811132
0.1304397792364711 0.11800410177196691 0.048439807294265252
0.0092323353366445607 0.61679172582894959 -0.06309504520598723
0.64452538376283386 0.98240753014011573 0.0069359535413021922
0.79003987840651124 0.5815059830155993 0.022405948786614692
0.078812534463246778 0.07545780649784059 0.060363857350677827
0.022100944058394995 0.083134457722016747 0.067626158800438277
0.31319802338653996 0.36339633155254986 -0.0057765016754339135
0.97207372882221965 0.13158941062249827 -0.031732433801455046
0.72303735414441728 0.66821005053267413 0.021606594174262337
0.21607993758505079 0.21266802762964199 0.022985128401990421
0.011463540819958153 0.26556260868480913 0.034782621025759637
0.79692487637325771 0.57925943272424096 0.023022763069317474
0.83990818493218866 0.81996435707994397 0.039659782031083113
0.74682630026790231 0.11834666806667128 -0.05709466407011167
0.97058106179143488 0.10266117233220547 -0.03419519973335898
0.010487394764022084 0.58585569134181137 -0.055444940154554964
0.11363198769859226 0.10485836158733411 0.052030042991451482
0.62461753946320486 0.59670279350659683 -0.00057755019827607917
0.99917418827061155 0.044126634615112695 -0.033204608542915529
0.00090802426015237632 0.76266397507110828 -0.097311280425493557
0.50627317175305209 0.72339165953058648 -0.037861080893428253
0.66055027842544489 0.93393728645608132 0.0095759843473320339
0.59506264085181448 0.90128853153900446 -0.015817855052845699
0.55763320254240478 0.83496846544770831 -0.02902722626791561
0.65248127581361248 0.61960523192769934 0.0052858618348985663
0.51854187148582342 0.49003326304939848 -0.01490244758762177
0.16062961349036772 0.078150484025185041 0.039828186695133182
0.80625536294583222 0.70263918884358911 0.031697393958598261
0.32698108919535196 0.39821614934550298 -0.012457750787321947
0.81567601637187714 0.62058439554865419 0.023207126190064556
0.76828798169486567 0.22756331462220711 -0.04280200263955479
0.60256776255465494 0.88920353696521648 -0.013154861047152994
0.34630040797834849 0.41962877035419227 -0.014772665002647602
0.69321208040773441 0.84226071799222635 0.014714395924976583
0.74887156921019249 0.093157927583648312 -0.059433028945427721
0.69221498581886776 0.86346427009381299 0.014822332781196653
0.39523637662863992 0.36422801191191001 -0.013621143467338247
0.48480663314145062 0.44971503272193369 -0.016470355451261277
0.017536646205068427 0.36515567249886594 0.0052942195637792622
0.19836464536095269 0.14620485710829509 0.030014266462123389
0.84883911129110678 0.40953279754416755 -0.0066501089166444011
0.97471827843759329 0.11400037905277417 -0.032363460273276107
0.011529648765722319 0.2204453652279702 0.044522608462556928
0.62036580143342934 0.94675593543655778 -0.0043588534352826599
0.0066880797246942399 0.47752448974692596 -0.025890139561413859
0.49293070318780502 0.71271105286200553 -0.040850271545996186
0.82104215073630105 0.50268175055816311 0.010243840758166645
0.83729793546076814 0.7809288135746818 0.03979299916591382
0.16056402340386627 0.08509517165038219 0.039903830302842377
0.85500415071181968 0.96559743197808534 0.034620508848707633
0.14739153063411492 0.046681193242276132 0.043969726086639536
0.5515731234440433 0.51708802860642944 -0.011586113662410323
0.31208238080751316 0.34514089444792073 -0.0030872860613184172
0.49252580959142972 0.71963709275752152 -0.04276518362578921
0.80403176448105629 0.5984789417618176 0.024068852164592119
0.37933402983423914 0.48819041549543846 -0.026148101723124054
0.83866316499445748 0.86506700413220039 0.036851906023137065
0.27961501285922657 0.26586392631671729 0.0085954584252904177
0.69228616675263754 0.65221233460005945 0.014286878824560485
0.0074278943280280865 0.69704407140277114 -0.082498712640322172
0.77466121026389578 0.3155117874311793 -0.027144108896236009
0.87683966692311355 0.38561126853713845 -0.010986916549897884
0.98687571226357496 0.92118107308463915 0.043903240026350598
0.17958681889586434 0.17807027033885145 0.032620752267153559
0.77803321139816606 0.38130570705870542 -0.014562195366808244
0.7909297678338385 0.39202956868889133 -0.011865534466197397
0.94182880365560251 0.19905392675104314 -0.028711729740995867
0.8295771055521306 0.78990175060206191 0.039605782214933841
0.40365324090272309 0.38467773379021741 -0.013018648124718396
0.73561615115840484 0.025739802836788683 -0.0631666467842808
0.75021345688064067 0.17036630675467154 -0.051800478074150322
0.084493104059314331 0.072736324813015965 0.059148933697504111
0.79590538995003435 0.47571622081711268 0.0049313115630814537
0.92576455127335433 0.86234552258453734 0.041291659715640347
0.3376859351116907 0.31705998522641077 -0.0049018862273665295
0.00014666628201155055 0.75586823106466261 -0.095477426928672282
0.010214635526556095 0.26146778270508891 0.03583077371661865
0.79742125390162166 0.53968497060193399 0.016937333030809527
0.82778884608857306 0.71570191128017202 0.031916858366789855
0.014015428590442506 0.16434161237168871 0.05460708098371822
0.57256511874819849 0.85151893761400843 -0.023594099599633933
0.76240250004242072 0.32253553952551528 -0.027844759882680252
0.46203400142063555 0.43497728964401461 -0.015406188779319388
0.56432905073537842 0.82498948476942491 -0.026290859832303226
0.7566331479915841 0.70295927733781272 0.029870939835487061
0.32309223728846315 0.30947873176091756 -0.0016947189653017947
0.0054065226428133446 0.86694099708859107 -0.1216931627843004
0.91961173133857232 0.22135253985002498 -0.029108353757690122
0.76916847313799064 0.29840686925167897 -0.030476448063617434
0.57417470850821595 0.85709874559227295 -0.023116382895829485
0.81781208593446386 0.66245936954252738 0.027353865042562008
0.63745581059481304 0.60340404230778977 0.00273199709652968
0.99381688735214535 0.92231526026520172 0.043927247066773686
0.3085048583177199 0.28531909068173733 0.00057573573492784164
0.56787227609645596 0.8660062096960226 -0.027915822972952774
0.5782980087712839 0.54501495545087741 -0.0075667012337006234
0.96322920598248529 0.15405758104353062 -0.030917002101917515
0.55919796558132795 0.82292136743975941 -0.027608845125242081
0.52497242354583884 0.76741173892710335 -0.036202981822205604
0.76783042526832279 0.65095720321612183 0.026977719561755511
0.0001 0.7191112693293632 -0.086023390165458929
0.78115910059110349 0.38592930738899672 -0.013193339662489346
0.74537280868530098 0.045680060361903967 -0.062779897715395494
0.85804730254323403 0.79998975971557607 0.039872706462756216
0.002478656882511119 0.72626193725251575 -0.088170929359655953
0.79601893583057926 0.57890423817977932 0.022937923905625476
0.747390661194546 0.69767623403949863 0.028345740850776333
0.14382430411085018 0.029645541804325746 0.044837255560802189
0.006499306253004611 0.84796897651507475 -0.1182206100151342
0.64974540003384629 0.95874132015953328 0.0076788149612714782
0.13579398177600127 0.13179114320234692 0.046301856358409554
0.012768038927079834 0.34827254510534811 0.01171565240446968
0.97220255441591352 0.14530694965905949 -0.031236985117065422
0.8164654654651915 0.6864243726168856 0.030410765736815525
0.47313794874077547 0.66401645427898537 -0.039390131541210252
0.63929944413748552 0.59013848310215178 0.0028812150269152438
0.0064537001532344101 0.3057584546212499 0.024878505367056714
0.0094500690620214489 0.59036583580655422 -0.056277991534378388
0.22740131107930195 0.20886643452289641 0.022860074759689035
0.86221240362788243 0.7996327917008389 0.039054937834820232
0.91274724489031356 0.85936247906966767 0.041685432031389143
0.01325590481246511 0.21685076534404735 0.044987406741731566
0.84229356749286954 0.8533020963317115 0.038115787073728306
0.83088687995131483 0.75642002589006962 0.037560134530523745
0.074101149327121252 0.076857048933974964 0.061056085558400898
0.097677165750227682 0.085567310162847271 0.055892806416157258
0.78121457488180834 0.38172798847610823 -0.01398484496519968
0.090485258735453905 0.093302145411556334 0.056527681205113867
0.012862544480401611 0.26714303110498139 0.034160210203811825
0.0057629364496513281 0.085791300697124817 0.068289391146919176
0.63563376267963267 0.59263427346341602 0.0028173797968243722
0.73568487076369338 0.12159085298537659 -0.059659123585673102
0.84766642718048535 0.97256360659022345 0.032935178789887692
0.1301943586982747 0.11375652028912163 0.048432369188989015
0.54212568462016708 0.50851601958178694 -0.012791219446271471
0.51278915164157268 0.74484826695282702 -0.038181598924884749
0.46889696972215988 0.44785528715158329 -0.015645868248785257
0.16464608357172786 0.093848112927866725 0.038759630001897152
0.90282822860813505 0.2960992766139186 -0.02074406144754605
0.19366244855781511 0.1262048950452147 0.030043467956071539
0.6189756223146039 0.94474914275145427 -0.0050459431320374962
0.0001 0.46676337718254879 -0.022490539839504595
0.87139256131291809 0.38117152693304251 -0.010525342286227632
0.98678230114878895 0.92017331726774931 0.043947033994015061
0.6800947047327115 0.86585460014900117 0.011652895444598261
0.55448819071292255 0.81595338100017112 -0.028979954545445552
0.16292971978175019 0.053844826617840957 0.037649084426957122
0.14198573233351441 0.044199828369598182 0.045454122294540267
0.91108199210267171 0.85681176876609844 0.041670083397475619
0.8241438070030096 0.77416875090047887 0.039284340873412205
0.51621778296975795 0.75090461299821987 -0.037643545409847171
0.77424425909239059 0.33461877343387758 -0.023483137150205655
0.0001 0.72160031718530881 -0.086608274496937782
0.52252815114328999 0.76187425503378858 -0.036517851081270244
0.93884456320570919 0.87082093858825793 0.041401555512269567
0.82228955489426936 0.75321791684899619 0.037930022994509496
0.067911149646333546 0.072835177121022152 0.062466333188396853
0.82802123600688937 0.4852322492814321 0.0069463653097286901
0.0051774259391293084 0.64257354948188516 -0.068677854523329904
0.023851940930448373 0.023201324309257473 0.075587044345120535
0.9784086467777493 0.11294651459892584 -0.032161774121053574
0.97775281871407704 0.11277013865122132 -0.032177311195029326
0.58771266787319343 0.554528405697579 -0.0061030488364949009
0.79043890233724012 0.46409281418058151 0.0020864120535161595
0.85418513903607962 0.93212883121095136 0.035443659145962293
0.022414401061180516 0.043681109759348122 0.073901443407274253
0.78578065571430999 0.46592076000385052 0.0014103923201122734
0.76562791800396823 0.72524568567587933 0.030874120110429303
0.30582958353635192 0.35375614053942045 -0.004261568572247465
0.8254309804353176 0.75061784441164936 0.037504790064244523
0.37226257626169351 0.46484104204509075 -0.021730518211735231
0.0001 0.84636475782972032 -0.11661938873459959
0.71890910373960237 0.77849146072730457 0.020063779033319643
0.010245867966472907 0.074344615221272725 0.070050381489809507
0.046072452294216928 0.047028946682305423 0.06931415474810243
0.36400258265516144 0.3398492052986975 -0.0092574520320243825
0.017349833736691436 0.33812244732186836 0.013478946663212969
0.79540567103532867 0.49680385007265587 0.0089402636984720792
0.17662610484448718 0.096014548194269897 0.034563376575097629
0.019843515647576342 0.28410284122193841 0.0278517631197868
0.95519484197999527 0.90567983544544872 0.042164351429492979
0.84659762174395015 0.79870554545775951 0.040363574113874215
0.80069521462544224 0.52516997222277473 0.01474138477715569
0.65700546136571658 0.91712704319957983 0.0075118616152282242
0.0053036569216037893 0.29510786467025857 0.02773404667985219
0.78089137930353869 0.4079305788698106 -0.0094294906336797393
0.13862648083427948 0.13038485968866351 0.046112781541241155
0.24044402323232239 0.23027908503617325 0.018716410220212296
0.63445929176692184 0.59967400415371563 0.0022321923271369989
0.72263635999768772 0.67667157603452588 0.022147342608482019
0.012521419589730721 0.26136900956979009 0.035615011184476957
0.0036033432625829144 0.87643421529573462 -0.12317808238363925
0.80632261939963801 0.56637315494833573 0.020886371422931371
0.0025366061735369802 0.73879635150739942 -0.091316778357761363
0.19924599245670946 0.15151234618836573 0.029882476733926182
0.0046039754616622151 0.42106132534641177 -0.0090590227320519121
0.79966006071565765 0.53217032991278213 0.015957771392000265
0.38030769481594517 0.35202585899237537 -0.011717663345421368
0.76588900981898878 0.32797497626238942 -0.025993970420810281
0.33524387625658481 0.38931348639094931 -0.0099592902918194393
0.71574109076571901 0.81240990435304505 0.019146154476054923
0.97816982283889309 0.093300499370843101 -0.033492836709329468
0.77448816992447578 0.64590075242663658 0.02705618674518518
0.68745518845334919 0.88211397069057307 0.013868650280368783
0.45953995719667978 0.4286700808105659 -0.015665859251897271
0.71585031207693883 0.80300971693986201 0.019507496077394645
0.5483799970155 0.79794249258748995 -0.030729544182172372
0.88157309080381474 0.33525825703875289 -0.017145172738523971
0.39612167820678984 0.37996903455237596 -0.012465716257662358
0.98246453445563608 0.92288012071142933 0.04345332610873226
0.022565497510736506 0.38592324938579448 -0.0024336454772288518
0.0094185130775121511 0.50402587871079774 -0.033518639567364644
0.013161664831741499 0.69735384717758453 -0.084482385165381979
0.0059110246828014985 0.31107847490009644 0.023478351063315753
0.61161350592505015 0.93663170154859776 -0.0088842174528990583
0.55521237714970062 0.5170585795373196 -0.011469268034079494
0.90721531167802993 0.8618077541618917 0.041227056032756802
0.79976014956769059 0.56424884864822111 0.021080994722206804
0.75716605418017069 0.15794795028199551 -0.052935172142024631
0.82983870507166435 0.81235726843070255 0.038588168369221444
0.7580489848526798 0.69224160838182514 0.029241096036284709
0.019438091979245318 0.026927561098525479 0.076170078172765998
0.84726277274889794 0.92666326343093786 0.035130857541208871
0.28976269197832222 0.3450226423859985 -0.0050378024421686776
0.5629048729201771 0.52297068290846427 -0.01064377373762191
0.81784737450450407 0.54074025071839027 0.015247534453513279
0.83583468854965537 0.4739565335510626 0.0045550594842490577
0.012877355731445854 0.62541809004445792 -0.066582058478678402
0.33516341299287294 0.38761565275922893 -0.0097049332625667381
0.96834323150592472 0.89988613500116932 0.043391641459204128
0.30006727957593105 0.33940906268461424 -0.0017746880869910497
0.98370988539702031 0.90993475235766474 0.043750157209334131
0.7910540793061136 0.49940679612075456 0.0085679461771391609
0.13207908358775297 0.1234475118313455 0.047885767631437981
0.84319834564310425 0.91623769269694766 0.03493381588048898
0.0064812847503859985 0.37120538496700123 0.0058534004437770411
0.61095586094072729 0.90824026026716353 -0.009160151564307252
0.0026169930628792948 0.75786093564216517 -0.096348653112710708
0.90084882641126041 0.29037282380809637 -0.021458473244165006
0.76598049459894313 0.28945668305838668 -0.032557687684400885
0.86145063950067313 0.99164025086983587 0.034152120155823681
0.80365793668118712 0.56399770377717839 0.020882858643573015
0.74688409357810326 0.11012796932300714 -0.057861613125869696
0.27508045031105849 0.26463091008124928 0.0097580415690863148
0.75223502515665031 0.65775097611150279 0.025361032341487039
0.78020466867795846 0.44011719250958492 -0.0044168951620307748
0.86297119917231357 0.40665462732927443 -0.0071578759112906551
0.94503186941089867 0.16966855540556236 -0.031975309585141651
0.45261673649690781 0.42219201891342645 -0.015459641804755432
0.13936084807529245 0.14525954280967743 0.043093319299256673
0.90372369962646815 0.29308880188455066 -0.021043203609754139
0.0078288549840948851 0.0009308819484140033 0.078439653412139793
0.81630892746389572 0.65847575618686183 0.027199352639742349
0.48141665959521307 0.45738703073238296 -0.015688854655494001
0.78016066670877615 0.36855265282065891 -0.016658655462154198
0.016947353186564144 0.013594304290630795 0.07725394991005452
0.82977974546219313 0.48182532022462271 0.0062895049427355923
0.8029331310972917 0.5292237211523535 0.015565355862304248
0.82368291352948375 0.72104672044411955 0.033739427001646963
0.37770210567151019 0.36827951646471135 -0.010888439619510103
0.89581941496596462 0.30713062758749454 -0.019558721974950795
0.77943576762664546 0.32880005273079782 -0.024594524477283546
0.74104674321023734 0.093716922571250791 -0.059707652219924703
0.81504330369246447 0.55752955377148039 0.017608921428153901
0.77017508643746257 0.28744770767949906 -0.03230209167709043
0.0088186938828720834 0.16374738059674046 0.05519968133982861
0.47305788571204621 0.64902351908589151 -0.038076277326154997
0.8381737054513495 0.86830113271608322 0.036484804793851057
0.0001 0.72639812095510337 -0.087755705100183656
0.54278639285043173 0.81515699842797185 -0.034499345990724004
0.68844013636436496 0.86678227863633872 0.014281715137473925
0.96964883163670956 0.11177850636268083 -0.033387266297380022
0.012931420424480877 0.44654395662645679 -0.018243377131102301
0.73938964368803317 0.086940528691353006 -0.060407569302981759
0.13458620780269492 0.12894836345853927 0.046889598582847879
0.64325261097307351 0.6091686280655394 0.0038030789823014638
0.0093464811397610936 0.66547241071607022 -0.075657381725059134
0.74760121102529442 0.11811392175379573 -0.057069907892641089
0.99990000000000001 0.044231688183959325 -0.033145665266805513
0.010266318149030444 0.23124180885030152 0.042329094062071811
0.53633135285123867 0.78925508556041413 -0.034005639117057812
0.61762689376824831 0.56923529176905596 -0.0018995829053866375
0.16519013604113331 0.065262975518437877 0.037484451311944847
0.71864996132353776 0.67387172631894277 0.021168927806963327
0.83509416778651713 0.84103331530140768 0.037774932654026011
0.89668457905924037 0.30650208833817988 -0.019597934300435896
0.012312036408589031 0.49781387174801833 -0.032412952245513313
0.85142448596149678 0.78971234033897353 0.039247969934383307
0.39734660490405105 0.36915516498325723 -0.01322201911392118
0.83837865562855718 0.78597191797494914 0.040034668195288704
0.41663208114253236 0.57561213414249457 -0.038800313622777471
0.75482851717876531 0.66753614290239049 0.026909389195833074
0.52176485822391083 0.75811674314760802 -0.036437484307773424
0.38652678063911683 0.49140702139268594 -0.025831075282096466
0.94390982894629794 0.21282803357354513 -0.027901871827065834
0.76385399490836392 0.66225543518185603 0.027627983073288148
0.0082764102411122271 0.36959759091791261 0.0062193230949700411
0.72575288423629269 0.68179976828823841 0.022900828547565491
0.48214939634565512 0.69624012215446884 -0.042158441742896444
0.97633125474104832 0.11123746660027947 -0.032349391121556423
0.85080280473443115 0.92913696568663529 0.035460760372891829
0.41661927541510158 0.39009253540198802 -0.014227258993313015
0.83483881908977053 0.48940970123093802 0.0065563735480713668
0.15960619324089279 0.14803496598268498 0.040384582616115661
0.52531744452418294 0.48826239471987615 -0.014922579044941715
0.013239165284378388 0.57590107808483926 -0.053882370107530303
0.0054990028149820786 0.27193889759123757 0.033766646834461803
0.38692317243559493 0.35602032155995988 -0.01289045964937794
0.55033911369826427 0.82228044787602295 -0.031238027615148933
0.88032907563296292 0.82541807949758039 0.04066773598946781
0.47531196461669772 0.6717794109210633 -0.039981121874082939
0.67454250822246953 0.88563087124212192 0.011333193319896261
0.91818659278700121 0.25035196542802091 -0.024865621145106008
0.83577561913742138 0.50310521827784616 0.0075495834487563362
0.7791893403674407 0.39219815199149077 -0.012368543746565749
0.012672330404320697 0.36402548456722061 0.0070174092207048976
0.51949810765631343 0.48504434834189014 -0.015100986835729198
0.2175525738104154 0.17712089801392844 0.024588435661318402
0.0082623590087527888 0.74831561675472791 -0.095574365689760576
0.0099604162161337287 0.22502533632683588 0.043699831950797602
0.77834212966700367 0.39786630516223298 -0.011595515643366673
0.31496135384245372 0.29594360043666351 -0.00016997854059974671
0.74994160942486854 0.71845084690914707 0.028766861386106894
0.68202533645997354 0.8848613176856267 0.013265567630189021
0.84380840521981204 0.84019039105103177 0.038921602957440217
0.19638725172150021 0.14380731446343398 0.030647531742043231
0.37689822128743095 0.47600429035688813 -0.023640066002313755
0.65385068159441195 0.61749158836241425 0.0059931750152377172
0.69107833327110646 0.85840227336804631 0.014651968047018325
0.0068851441288431368 0.81514653767950995 -0.11137191281409881
0.74471525153767615 0.69391065382481742 0.027595250912489377
0.1177755916061158 0.0038223642010338584 0.051089858322968487
0.81612099202973609 0.68509990303535995 0.030302911770024456
0.01282206430170593 0.23529198547397054 0.041107868473943043
0.81632636033677919 0.60275423666720007 0.021283065259198861
0.76641673835782897 0.71119077517193174 0.031044469248109077
0.29850447760032056 0.3394070083010437 -0.0019801168342717043
0.44700345877287845 0.41283990704685136 -0.016171895616695638
0.15872022943979933 0.067799022263512504 0.040325218078482716
0.66912439061238072 0.93732183876992803 0.010196714031127901
0.82953494449041887 0.74453452533473319 0.035955008109366422
0.5512677327532014 0.53273111271471785 -0.012356957292074131
0.47558461461568791 0.44091589580011259 -0.0163893221304331
0.0094414403677477894 0.27755181478171231 0.032008743372703555
0.14603493140506899 0.025330782191600534 0.043883864424826453
0.0001 0.80816507695973128 -0.10858903992705704
0.71472331627631547 0.66941249072542997 0.02009711635824879
0.49748484431734097 0.47032701199047566 -0.015609881588485024
0.1839543058825443 0.09182850985454262 0.029643043535904814
0.85713268056700354 0.80196323041205497 0.040222635283592413
0.47674718062801352 0.67417077576857842 -0.039908721299839703
0.76377087101428143 0.71053650344753505 0.030810149493339361
0.44296871951625555 0.61215723915218734 -0.038936792676972087
0.7902287263116945 0.47487403759103797 0.0041011604830133476
0.40568849779099081 0.52993025094306823 -0.030977969231407276
0.59622884379778496 0.89921731581148756 -0.015135448458352477
0.3690920463607591 0.47425304172409993 -0.024534037826140061
0.96083776655526243 0.12069128763115665 -0.034654941111600349
0.85290512274571728 0.42240661174751448 -0.0042936511201793481
0.76257409212963634 0.2577133122276361 -0.038317788339225778
0.008931652680805138 0.42990397432140159 -0.012247097828930013
0.36800241499672504 0.3411897590392845 -0.010131188868524175
0.97186494128716605 0.14100441118550866 -0.031327431211344944
0.78047021201405131 0.41023221145262723 -0.009122157839207147
0.49014085412836855 0.69715889911385931 -0.039085664574223633
0.70555088639654062 0.81330117509779631 0.017074419807811617
0.91414597643736228 0.86958136281252496 0.041125449611382862
0.05124016329627671 0.042252948315060282 0.0681639905765766
0.83568106053160029 0.81662699895966173 0.039408324185873443
0.68901862377070455 0.64028999232113259 0.013472414864790314
0.80553111855398618 0.59239049947083344 0.023312089449249028
0.18589287289008416 0.17018136324953217 0.033312815937572272
0.28041930186158004 0.29612563708610778 0.0051090880064606145
0.84523699180942602 0.78593224193056432 0.039621742043175742
0.35051990793234011 0.4260473446307122 -0.015671184647054935
0.17899098262844637 0.16126649652978561 0.035313353588490762
0.647582816905928 0.9557347310597305 0.0068067239943368808
0.79274138092016944 0.46594451790662444 0.0027851715429825299
0.0035406447413942116 0.6425923213796968 -0.068367704394513465
0.53633132505302672 0.4970783927916137 -0.014111937216837241
0.74467269415618531 0.12762781034661821 -0.056714062431906409
0.0137035513583325 0.3480418624142721 0.011548105866960551
0.89116161759885826 0.32107231463576436 -0.018225377548615709
0.21373424709897815 0.16814246640695862 0.025264072743098318
0.19615422905656218 0.13601503505077972 0.030096334603834339
0.86271387802444599 0.39027849098210293 -0.0092252941205665517
0.35046451938677609 0.42937638517740268 -0.016223073332650891
0.016815702996759947 0.4930044043346879 -0.032469941102507449
0.0082515893840858067 0.56284976650463159 -0.049182377858885323
0.82059556786387899 0.7188292964674351 0.033760528658097477
0.80467674743326834 0.51005486454971027 0.011836621401452911
0.55702427219946427 0.84469956046632755 -0.030927051355387397
0.67557528784504151 0.91535539141098465 0.011558164909220753
0.78823914418944441 0.42828716584168669 -0.0052789368150590599
0.17166856594620655 0.16299399411084758 0.036521964206498288
0.024628114811533201 0.019073026895388319 0.075536671749488166
0.76435701206178674 0.28475000626669877 -0.033726844221614691
0.23163806405611553 0.20089088725567153 0.020981302901479718
0.014670080462300932 0.30339642414353696 0.024141708861507322
0.64254628701232352 0.99798915167378643 0.006494842749946661
0.30376981772713113 0.34055555907221952 -0.0018605145193898859
0.56450170908709796 0.83342665708461705 -0.026125956956073552
0.023391456260406007 0.073336428129663511 0.069130124157623138
0.59759470184037888 0.9200510040030403 -0.016571194577739104
0.79766746880937589 0.58927885312865036 0.023923329018274389
0.38303279162031623 0.49436312200685095 -0.02699662266396953
0.82315089607711023 0.71465146589167017 0.032920853400720124
0.0015642459840605721 0.8537714841838383 -0.11826600936524304
0.0095244674794125114 0.18061678100835724 0.052364867805520812
0.22206351732484073 0.2074669316455022 0.023974698324754153
0.0099910357310743457 0.48047138754973606 -0.027151909885386599
0.81412111222162342 0.68514855309614509 0.030362867564802134
0.31734662296764687 0.30723099059998465 -0.00052963014142301534
0.0051130253216856688 0.72375717846776111 -0.088232477051750205
0.75087408145210688 0.1206320384163297 -0.056906684119325576
0.65121269302304274 0.93736800020298505 0.0069776662885542816
0.64584237078737627 0.98311761710216128 0.0073106780689802392
0.7376782868953452 0.74042208243539676 0.025452374342446869
0.014129820466923161 0.30036496270858881 0.025089290830738787
0.72696489670569597 0.73999990629491552 0.022300319771897944
0.22571930530806272 0.18746497579061555 0.022051439695705107
0.014877144807019066 0.25660681703699895 0.036221530008537062
0.001612276885342719 0.66717049423317543 -0.074044977257784722
0.64256671333807613 0.59839595332321405 0.0040940434341209322
0.43240128097545272 0.5862293951341081 -0.03671797550388263
0.0044860457280671492 0.50316795384440172 -0.032754842519169214
0.18122836192286118 0.17729604260190418 0.032783140196284206
0.005313317191493157 0.60829003376169644 -0.05999182618954603
0.54905353392472744 0.82436962427163774 -0.032253530772784478
0.44610861347516761 0.42084792864211168 -0.014946704916311893
0.65461222181446055 0.95230196864745997 0.0087390432027579061
0.8043506779878431 0.63800425210703027 0.026383151141577757
0.82124926461902925 0.72440199005025574 0.034402285301879353
0.79353728905642995 0.73927928419704392 0.034775180938446483
0.008158913996179018 0.59324945562058962 -0.056729440979614534
0.17657037789096675 0.15738279395764698 0.0360027119367516
0.22782029965875963 0.21067524824879041 0.022748238547271933
0.28403745805650504 0.3063658169814184 0.0033843751146118983
0.35744502020230051 0.45614108915646334 -0.021971396822854497
0.82589687206367479 0.70471961051030196 0.030712024466153613
0.0042226237293561042 0.33462932903054265 0.016621298755151552
0.79510204188854805 0.55119730471213635 0.018378856187565955
0.72758517972951486 0.011222444786951506 -0.064885079182657054
0.66638629575336461 0.92262782856537751 0.010497570020214272
0.58881197736565971 0.55670775580617093 -0.0060080427906628528
0.0001 0.83575416815703385 -0.11454831494466347
0.41520496780397959 0.40267716848636098 -0.014178040695485672
0.81257000066099028 0.64103867627803579 0.02592752546540425
0.90490461199359895 0.27143651552484482 -0.023770980834829182
0.015242250596326844 0.024333156693010571 0.076881570000499777
0.51077047648342855 0.75308396049043003 -0.040742579131091708
0.96724882604562568 0.12585598091429098 -0.032637702586426023
0.43629743501401408 0.40868383695733901 -0.014938869150089538
0.0091854728407139482 0.27466202964130776 0.032805468598137995
0.86340222778813913 0.81093918326464987 0.04054271005877734
0.61455416037137789 0.94400069120336527 -0.0076087671154136116
0.8077353067954649 0.75166084268440247 0.037003990875586638
0.54018923562436061 0.7954827619001108 -0.03303731473146021
0.40488771121757933 0.38268843520808993 -0.013135897191073533
0.59393518313651417 0.55501575121866797 -0.0051278181801478265
0.0066601740263207386 0.28020141197849413 0.031581606150727012
0.13347093987272371 0.015901331339523456 0.047503690144865468
0.74129730622171985 0.094255064618534667 -0.059634453521011099
0.013856326914077784 0.51401498369206033 -0.037330207130484738
0.92002884418716058 0.26462899588798056 -0.023896257032774731
0.87342374716177451 0.36653207097756185 -0.012473433780257323
0.58662761758584114 0.89420713053519474 -0.020254408472528532
0.89844261922461854 0.83678739466083263 0.040332703931274715
0.48060715476350147 0.69517378453119028 -0.04264252727145712
0.49020381822727216 0.7044100264490688 -0.040338614981205168
0.013153357347176931 0.42986932222105001 -0.013247858134014669
0.71799036008582706 0.81912695604853858 0.018966099355699213
0.80257988898859323 0.58009190542638911 0.022846431937968301
0.85505522311857463 0.98078491072517315 0.034196611837895935
0.8949222611309009 0.30922819312788147 -0.019373344141284499
0.0090549143321067664 0.018367966418702385 0.077563494692747398
0.0001 0.77531397677988378 -0.10049153378692302
0.79304088287966235 0.5050112096615339 0.0099991445196627969
0.2871512332874871 0.26812355826661949 0.0063066733099338065
0.68201183587130643 0.63271684960112295 0.011776605920077409
0.0092164840350784389 0.31486219747744193 0.022118959760018937
0.61927473963087953 0.5763884547638678 -0.0006328141283883093
0.91922973393763818 0.25268083927189983 -0.024546338682102965
0.30617216283477405 0.35575362965722862 -0.0047173078574285071
0.43464656690926495 0.60473925934733008 -0.039908891452354558
0.75554974250361617 0.2060999008488148 -0.04686726869706305
0.071045591398002012 0.066538501869682964 0.062442645858106341
0.49115778006331468 0.69804922109060019 -0.038883991719694505
0.83361891965675095 0.48447061463015584 0.0062196550811030281
0.75993992409281119 0.18350153369319538 -0.049709467437702937
0.80953750095813037 0.60987190711703065 0.023860760094606821
0.010567302631279247 0.4260183045162596 -0.011380887157218217
0.57162097584871352 0.85495959387365228 -0.024111944196114121
0.65305289252578103 0.94255286661646287 0.0079461783220173936
0.74912355474941583 0.16248500854898282 -0.05282173389130021
0.0001 0.71299192546337742 -0.084610037546942934
0.74115259403061484 0.027982515395307068 -0.063316271390163881
0.020382860554076718 0.26408093313262782 0.033100398939593087
0.0030878723451302935 0.54019012471345862 -0.042606381876812927
0.74438189524088771 0.10640299223960584 -0.058383435430126474
0.97117518134915126 0.9197006160986898 0.042564656897714
0.9378362227817445 0.21127824124310593 -0.027842730608084384
0.54908861411170273 0.81659668195443436 -0.031233121215148596
0.46160649288509142 0.65216835161229614 -0.041187815752375401
0.41750296666653813 0.40054421404053159 -0.014035289201739208
0.73279528679543393 0.043365531995803328 -0.063039746831032833
0.6061783398192826 0.56490327355202863 -0.0031117571702156399
0.33584680207335776 0.38736510863326928 -0.0097201617724699749
0.30780018486702143 0.36707964607870319 -0.0075819439846217737
0.79484233284420502 0.49604030529711451 0.0087377724531229363
0.0071981368703591952 0.6433148201688107 -0.069397878005703892
0.80277886999539938 0.58102677836479455 0.022893335289619794
0.80808071120761704 0.56609679640634492 0.020473003245554438
0.81047966051948694 0.76093023642354174 0.037434469609767401
0.41574414681681782 0.54738463992940467 -0.032874860060422756
0.23231639003489044 0.21509397538998271 0.021607932470534972
0.38711106106878196 0.34498860631860545 -0.015823062669212712
0.021024250136075662 0.020601142592401329 0.076303509481314577
0.79874875887139307 0.55475059605684607 0.019520813569152532
0.83246679225938414 0.84845529325325941 0.036647132615772599
0.73451678852118296 0.006950003602762077 -0.06362784055369701
0.33385796393361555 0.38718822353693827 -0.0096157608182701193
0.50234857675322642 0.46675819531972351 -0.016277627854127771
0.1282546948631158 0.11874331502069549 0.048820393093250022
0.29243919700041698 0.27366167264188745 0.0050626207267097274
0.368730871313315 0.46475569400887817 -0.022021657845244631
0.14417633184030021 0.12287674655153792 0.04487778809097813
0.25382997516928529 0.24860689749986567 0.014598738939643648
0.82459677641500362 0.75892962869982128 0.038458755032654057
0.87655445162541479 0.37589374380562657 -0.011555763945486117
0.62261315370059667 0.57382234699977908 -0.00088136497460637037
0.0099478660679449306 0.48822578644059428 -0.029204316975656522
0.25052682235639556 0.23273675954516607 0.016436483602140301
0.37085566037710721 0.472225443996663 -0.023557337688485495
0.97723157863807375 0.098389928838080315 -0.033222264827764511
0.84883602723493934 0.80235715669982277 0.040429590706563504
0.16140028016820321 0.15239594757329805 0.0396549221630016
0.76769347922747666 0.20962548200190645 -0.045818704034233521
0.17794617157672102 0.12225307559748022 0.035579816237680514
0.44833252596416079 0.42159435879738699 -0.015021107841081363
0.52555805186573212 0.78847601032098924 -0.039617480551653927
0.0086946054315829059 0.37859346075791361 0.0034125888829598175
0.7914815878976994 0.51529900029769782 0.011487661621997488
0.7619199181179741 0.25453842877650651 -0.038893033140233055
0.14021291855452994 0.12991674738506509 0.045818847184310792
0.7834568304584929 0.62388679133878855 0.026014397031727442
0.16359769269188396 0.15383426074047205 0.039096856215943915
0.0029134458532210613 0.74145888269654048 -0.092087490204738581
0.18350872902713805 0.12008870369509968 0.033929213543892819
0.77264872392377626 0.33107426928121841 -0.024227556974345178
0.55948804408082065 0.82144928350995594 -0.027507017260047735
0.0033046806991456849 0.76402776174569631 -0.098130205910192586
0.58189275902532334 0.54516065135995662 -0.0070230565069258136
0.78297913408088526 0.73575143936776233 0.033332286596866489
0.011422386852737222 0.15584978587939907 0.056279806249543651
0.14794356671973025 0.13961696110699467 0.04342224661597488
0.66431583697715468 0.62643578713816639 0.0080989078496791836
0.9355542033095352 0.22948955092855791 -0.026614064285326658
0.0083567065131336781 0.55520329353434772 -0.0472014459909538
0.717028104501506 0.79206561564596734 0.019783577181180009
0.57993433305810016 0.54417546703002151 -0.0073026411925341192
0.75070354597207345 0.19371370671195109 -0.049158663269748798
0.95547032556698941 0.16652258206313977 -0.030561655457530951
0.0094583249281806614 0.3219664291358732 0.020046617966817865
0.52913899687691313 0.7821766600816985 -0.036374942231225671
0.14572716953962364 0.06169328670457825 0.044151458066465241
0.47149467780516002 0.44180659861235955 -0.015739600172172644
0.19753575245092672 0.13794908916297435 0.029622875788037087
0.014926226974728901 0.87874734509960273 -0.12728280546808735
0.77085634605166431 0.30128880075285702 -0.029841336482937034
0.64326860778106676 0.60696179553928542 0.0041001177447587342
0.036085041208372283 0.041448367296252786 0.071843318221791214
0.84179947971296099 0.90016531017020718 0.035388492215919894
0.8021719275306729 0.57004409651879206 0.021816393000879335
0.74772742556001548 0.70360118502557334 0.028577939923352825
0.0013821307098578052 0.90586973801238813 -0.1282765267746635
0.84458391707736402 0.91172908206477454 0.035443278202557521
0.78986954791498309 0.47242049643491929 0.0035974545920521225
0.82736298061415292 0.77736649182730255 0.039614328827257496
0.76499777459253693 0.30498386094163199 -0.030165092494887052
0.80281885417349608 0.54674643332355355 0.018388062630476404
0.95102030409708294 0.18368036925222406 -0.029552973702163712
0.49658993744720925 0.71724757553465601 -0.040146672134100822
0.23859021784202686 0.22543542459746324 0.019753703161398888
0.68303297002335295 0.64406785379431586 0.01207751069486241
0.84954519006234097 0.78304735670002268 0.03826453309312039
0.80605044970366968 0.61393943698811526 0.024695436394071013
0.65369207019668729 0.96527880517799158 0.0085785390523783686
0.8203437746573744 0.75728198301660665 0.038284395253674171
0.86502123493481131 0.41279220170502212 -0.0067631511897906088
0.83507973031682137 0.79774269252907437 0.040069629310537966
0.95834469078553597 0.90223561642031525 0.042800905042817909
0.43690921498135904 0.40951519199064662 -0.014921978313890881
0.75260441313927717 0.22014203719262057 -0.045669797384272195
0.80976876189398206 0.75988791912737275 0.03734389130662244
0.96609895322072814 0.11241825278379206 -0.034160038656541547
0.30213227069328175 0.34217137624350202 -0.0021667105660903713
0.47309556146379339 0.436887773997156 -0.016746370525117731
0.77330837808422315 0.36743046949494607 -0.018014596166832875
0.4502601754177743 0.425192061618686 -0.015082653034031751
0.42752412961961911 0.58328920135997808 -0.037203206951077858
0.89046710813961538 0.84512890114595762 0.040980188952397655
0.81916162449013996 0.52043605475143795 0.013020402848203369
0.75926156660933497 0.2504632670413881 -0.040083812208029604
0.68845353234251672 0.86437633015527426 0.014253581525270734
0.62203026340896173 0.92239476913705731 -0.0045882418607995634
0.84396078627669924 0.93723726646842609 0.033777745124462549
0.53363146620029667 0.77921518474320439 -0.034222482502884136
0.81172673246580307 0.61256422819406364 0.023560759287583503
0.018316974115770931 0.26814614556598459 0.032676050723690654
0.14587821952632096 0.14793621837323703 0.042103815282247985
0.75092540302227362 0.17930518424024378 -0.050722676974416639
0.77725399668514217 0.39330803440720452 -0.012620270013669638
0.0090721172388142802 0.34794111276175121 0.012423357247375949
0.75266480192700735 0.21088993707825338 -0.046758540634332102
0.20285247129794487 0.15080371964731373 0.028432691373023067
0.80115380820358406 0.60068247391579122 0.0245128890347176
0.57886193288499277 0.54216093298320001 -0.0075376265842820381
0.20351140415500726 0.16107162503024117 0.028704662327184424
0.33781953437034978 0.40184393742177255 -0.012042380209029487
0.31878817335306198 0.36645595973184808 -0.0062794198166433585
0.69549848424549954 0.86494086394844183 0.015066472764645324
0.018422248309613091 0.13542010642787658 0.058872890226197905
0.72866370682617099 0.035171081858351896 -0.064291514490176019
0.023554616401115905 0.06290600434513334 0.070716800389904716
0.67786874697594257 0.87965720556732097 0.012085853527374495
0.73320087800958378 0.033307728592891037 -0.063140863861164118
0.62337372209567199 0.94919791564473088 -0.0029675225245828496
0.82521956712636335 0.66322828470417494 0.025224929093943162
0.019050346272446395 0.093898038287314675 0.066118896999960486
0.38803096193980052 0.37114673592608244 -0.011650855873366193
0.79531490721552545 0.57959088996006669 0.022969513421067692
0.051824443217284036 0.043274171293015661 0.067994945129864259
0.19350081113927434 0.12723195209451194 0.030307781757367046
0.9201135424703939 0.25390771156817343 -0.024448148933203691
0.97572214543862412 0.91132137246265787 0.043753886215724763
0.71021161692904256 0.80004672616532879 0.017872434207964628
0.69921612249737231 0.65515315876779456 0.016058040411258544
0.69102770827890048 0.84017963170519216 0.013839882848114812
0.55130839658924569 0.78904578405192927 -0.030422406644083494
0.82480898952220028 0.77494923339622479 0.039364958766377051
0.54215817396883859 0.50238769335182676 -0.013491843385490893
0.87038181764534517 0.81477851228822473 0.040347309464855416
0.53481186231955069 0.77353421915523368 -0.033689975263840835
0.0069693687624510425 0.61273440198663609 -0.061406917926119284
0.0094268244197034858 0.044613284205591325 0.074780850809365848
0.69745236228285734 0.82592201677466814 0.015076571870050733
0.0060166941623298904 0.57022978094314403 -0.050783128206926723
0.79066961695429527 0.59492719290294438 0.024194857390927176
0.75072180079026885 0.71181213700164925 0.029168034073257812
0.36807944365168405 0.35045385906160359 -0.0093996830105982088
0.96336556736333745 0.15398875988299981 -0.030916389646159115
0.80519847889855478 0.54882086407134933 0.018586107246579667
0.23794836799296298 0.22485219554086136 0.019912843852772963
0.8356485616811602 0.489792455324634 0.0064190196566273339
0.8613576144766889 0.43125994389915895 -0.0046242259293298171
0.2260974516104689 0.21364128230656268 0.02274209517025173
0.75899777537759028 0.26847592276899251 -0.037774141128856381
0.7952464397638549 0.45676478919998237 0.00098842431315158963
0.3380542592222745 0.32835051607518939 -0.0047162846962500102
0.7989548487258018 0.5645531910362368 0.021083913578799671
0.35250220174162528 0.43930081102787744 -0.018276137502425321
0.78535245151936639 0.74399542044701483 0.033412298567593444
0.10858915376420157 0.10355884105475224 0.052960003978060687
0.71090764620660629 0.81159912581275395 0.018385874208127592
0.73155463282505429 0.7623850102694929 0.023420372183571639
0.63586068161511788 0.5967640323943475 0.0028402733367574248
0.031190671830727677 0.023310539017407809 0.073714987225838052
0.44828395510766422 0.42035612730166877 -0.015100462446381059
0.84288689991485077 0.85330269889165056 0.038172712305051017
0.55880076599670336 0.84187411062305906 -0.029325992409930862
0.71596768310311432 0.65761131749668122 0.019338848632493653
0.97870558176114075 0.91591250127157542 0.043723127517455843
0.0016029646892970761 0.66834441685565094 -0.074319654714696079
0.0011092271132064112 0.87777375197579421 -0.12306844221041677
0.10457139678323601 0.10145763027722644 0.053723473931717308
0.14771619519244344 0.035764114155873321 0.043636467435833111
0.54151319817195287 0.50078380146199197 -0.013767867839041596
0.70182990940767842 0.8152671489711294 0.015876064618075378
0.74138391804448889 0.70696764062900397 0.026973481389681246
0.70419138368452028 0.82009355620839119 0.016910406429046041
0.006314924464363352 0.71568851588937121 -0.086690421947720656
0.83293988789894902 0.71831574702241152 0.030772360095482173
0.035025449030799079 0.033611418542281266 0.072548754365008392
0.80128411678522704 0.4736804053138377 0.0046505204408753414
0.4231237490529553 0.40686553244405288 -0.01437481014395451
0.91962902056626517 0.243173429763059 -0.025570619695309896
0.0001 0.62115883522954241 -0.062746182920615942
0.13556579149158304 0.13345468435506444 0.046010610389309946
0.87035767361054428 0.81882601871438709 0.040673831706881935
0.0056827506521235863 0.45227722240391172 -0.018573740356757906
0.41366855557789661 0.54585300758275335 -0.032835784728521472
0.88845913553069966 0.83588834592422734 0.040969279742014066
0.50394786270768366 0.73441212019460178 -0.040309871784910203
0.010444033686632354 0.41440951523032993 -0.0078151239850454204
0.44795141833927588 0.62047404820054908 -0.039198174336584429
0.9557598590194295 0.17403549914958355 -0.030107335211034189
0.7730813429229666 0.29077594272093132 -0.031599369635908675
0.92092722623957435 0.26198184696204974 -0.024087126442449446
0.0017153268566192283 0.26708874411383565 0.034978795719148137
0.35977093212141609 0.44642278185839818 -0.019025945733595562
0.0058781769830343186 0.84274177273944684 -0.11695698764173315
0.31964336371535312 0.39323511645570602 -0.012553224017294584
0.36898813867981384 0.47207078422613663 -0.023895075062906397
0.19347276796425211 0.12946913007994629 0.030651860578051953
0.32362573421223073 0.31903159563337252 -0.0020846155794866511
0.23788321582285224 0.22870884493490334 0.01909930447392948
0.83837443705766257 0.77857263803882282 0.039477980324113426
0.9492304126390505 0.16489134634326622 -0.031702693233533197
0.21502387637581066 0.17782673486751424 0.025610858448506767
0.42828657443778545 0.59139160282619851 -0.038776579205920855
0.72735413616441502 0.74237426767463166 0.022462106593247551
0.37398242731166437 0.48565596592445609 -0.026769118239718087
0.083375710732358901 0.078942487296481137 0.059221923104444088
0.75402731138486823 0.22650404729157844 -0.044522315668082957
0.0058347364727444513 0.70081090458289008 -0.082953920373706594
0.017052105636425247 0.08452742058869353 0.068076429035234684
0.18332060091788344 0.10542031709658485 0.032308665495705428
0.22795358756711795 0.21766258494466403 0.021802889879871057
0.80185870872559051 0.53770669894251544 0.016945190543745773
0.15272669723139717 0.14636108862016756 0.041760018875588285
0.31261813716770032 0.37968615173819764 -0.01019933115965066
0.37198218244215769 0.34719185713695672 -0.010302892869141669
0.01558670416133429 0.24429930865332322 0.03860319236081125
0.0075157568603804684 0.36599912003882562 0.007346441011077811
0.38192638563655856 0.49980111073839706 -0.028774661081758024
0.82692026879814362 0.77030352869577057 0.039237280137923235
0.32164426572610244 0.38917600038212496 -0.011020245461210575
0.015629207909964353 0.32486841058023525 0.017909991686746146
0.83169578385529008 0.75865925683945346 0.037745600280114942
0.0098810621485080439 0.69308409066707699 -0.08234697231796094
0.78073666357500671 0.39336991356819123 -0.011910543855855056
0.78680108979689622 0.58163828907710258 0.021671199187280079
0.84660415496296382 0.44978847935663119 1.2053781672918817e-05
0.017742785306994292 0.40855581781657641 -0.0080318794515079062
0.29711187300674141 0.33255215753180212 -0.00067384621171184822
0.0001 0.20177548864593756 0.048684146193000599
0.29453849550263173 0.28945978225471586 0.0044231423152616377
0.6423025458261038 0.98740617138480058 0.0063159955198190468
0.89914378963570241 0.83964458425903532 0.040724091200469936
0.84268740042515478 0.45589943490232654 0.0012854872555214322
0.74479048544420834 0.723701229481853 0.027574591377936501
0.28066666697537634 0.2839933737007449 0.0068401035015165715
0.0001 0.70148517312534009 -0.081990732535557664
0.99928669913710144 0.049973510153321951 -0.032881775588901152
0.47035062578412445 0.4365386060779986 -0.016244561126728015
0.63755055015407414 0.99739015419037169 0.0043831899401335916
0.85917947226779878 0.42470841093957118 -0.0046296086159662922
0.5255659037003384 0.75270703182904719 -0.03531056381146562
0.8217670599992305 0.76264678251838414 0.038653498514490223
0.25398287809274478 0.24151948051645777 0.015498402595979809
0.83255237424615258 0.7913477758847639 0.040006256619336891
0.0001 0.71570398370885902 -0.085232788506365731
0.97835320443759299 0.10834136082298311 -0.032353178513319841
0.93240934949574195 0.23190374239348932 -0.026277413639025658
0.61764830836438811 0.57559789735169231 -0.00090210463088923054
0.21436054641437055 0.21168960574280896 0.023200870385288799
0.40491146098485936 0.54830293522162288 -0.035350385409818191
0.59138966563937589 0.55190243518433124 -0.0056372157040965321
0.5446050814972544 0.50849922755124721 -0.012667405855038429
0.86151356766337961 0.81541052578422568 0.040634679984386454
0.73310922758288677 0.028247151867227909 -0.063260465797761567
0.75463597450032927 0.17617532355690382 -0.050649774997791927
0.83294637877678424 0.79119844130256167 0.040041223069240253
0.77590979864020282 0.3549717597691166 -0.019603179257546094
0.89861507595913881 0.83285606086914388 0.039516942504340277
0.6666056102372504 0.90687454782074706 0.010033800749584831
0.20666506264742687 0.14355482000117983 0.02525751782623558
0.016686744149892685 0.52071876914185666 -0.040143088764270432
0.81790840175376245 0.68083333152013337 0.029528036002459186
0.5592981363121905 0.83763587738584089 -0.028496237439821104
0.78074664109838632 0.39211040051233909 -0.012123273278997926
0.57133969957568909 0.85647246630619867 -0.024368775433409866
0.97709587268179254 0.072642929480204996 -0.035748014256041849
0.88850349310939936 0.82785933276473578 0.040086379716150283
0.75340450280592963 0.68800132323313523 0.028490918768541672
0.32579314723388741 0.40414122449058881 -0.01443484064433715
0.32110321792526048 0.36296906795060979 -0.0059202789876788078
0.71863257115160351 0.76868961081049869 0.019521419577178199
0.89535848451805589 0.32236929141346365 -0.018207737941519822
0.22608327372890574 0.17464443492393114 0.019387044562263867
0.76349441132644147 0.2961154563644891 -0.03210354047811248
0.32137317932718051 0.39206719519078176 -0.011822401412415029
0.7918998211685786 0.46986422729466654 0.0034569448352708421
0.34218735132314571 0.32453268251498235 -0.0053954671682732991
0.35776176556412487 0.32408923638194403 -0.0103707122839111
0.72629656785695951 0.76982392573837199 0.022252759370563549
0.79921910789212602 0.53380949790455379 0.016204102867320883
0.661358509731793 0.62302521365379815 0.0075747449013658964
0.99849523696375819 0.063329591788899228 -0.032587002591770151
0.36520964382571974 0.35465270085558342 -0.0092016200686842048
0.67308864752459774 0.62168459063542159 0.0095090567179898916
0.75348490204210128 0.69868578073685528 0.029346537230342661
0.64193521522133257 0.98745770559750057 0.0061817930561726721
0.67535615742994748 0.92718258254727093 0.01086159010286496
0.18881778233391944 0.17688525531191807 0.032114344836909316
0.82850473500073862 0.75997888872293839 0.038354273751253262
0.86612930753618966 0.38260022291569934 -0.010223569857901363
0.73359075157900455 0.049214018685055587 -0.062762950124350264
0.18474458481171277 0.122276330432824 0.033668648780504642
0.0001 0.85263594031586087 -0.11789026643817396
0.81152059146652844 0.75711335715798767 0.037592646182628572
0.58586041232703256 0.8859368054422655 -0.019508964851279238
0.77068496153724153 0.27054507327103128 -0.035457398054641903
0.0041096975186170979 0.74949006975872268 -0.094486877944780806
0.30871989153609147 0.35680684296211401 -0.0046748443924568492
0.019408322829168319 0.26456324188042563 0.033275931601488312
0.42991207975959977 0.59367332927573968 -0.038785329460034143
0.3808867283919799 0.35969587331625896 -0.010991279661839097
0.75557524135203513 0.13915431144614965 -0.055118878006564287
0.18524255238651691 0.12322136081707297 0.033553454753017672
0.33394474058987977 0.40598989204138242 -0.013282259263526011
0.24993588717487081 0.22088423824643982 0.014950082341706052
0.018113986783420903 0.326013238141388 0.016849708797187956
0.26259858644793832 0.26333167613907965 0.011462649496128331
0.67742222537625507 0.88387160196927583 0.012232333504982543
0.014137964126693964 0.2787743851206021 0.030868400584469026
0.72848085512829197 0.0053363857702431669 -0.064592756386397027
0.7647410497736864 0.308342910562448 -0.029657348274687037
0.85527026292480912 0.43559008882952432 -0.002892004113726962
0.0012218522995733534 0.73031179826543113 -0.088890741991039149
0.36144086490313526 0.32892072490958807 -0.010488196074514386
0.37141986159411422 0.46173122726111931 -0.021252419067871377
0.83432143084431409 0.50855634310967157 0.0083384890869217451
0.1520517358636603 0.047143668540293636 0.04240143349636253
0.0032656312291992678 0.6787325587656976 -0.07718965454102758
0.82145100816272998 0.64155883902228938 0.023809100753544109
0.55513213840125797 0.83569798114038774 -0.030487726036010604
0.77957907232414347 0.60146530145410504 0.022871534435702598
0.32123877493992653 0.29637081507127366 -0.0025357402723169137
0.0016392737103049261 0.39794053498150017 -0.0017560007669899722
0.83974224234772954 0.84428185125126554 0.038322398150130797
0.39284061489898142 0.52074702712611964 -0.031530963461255099
0.0053901228390066174 0.88075733038965498 -0.12442987646212872
0.25303710009662045 0.24587744598889602 0.015130191915020522
0.70407656782075645 0.81575748743015886 0.01673649893694918
0.15227822694537368 0.15385419473853593 0.040218302142506462
0.77123027029432278 0.63393286154033346 0.025485443853060463
0.010307379060752504 0.46625533633523475 -0.023347901870034972
0.43521107518434959 0.41424308401181481 -0.01467766377593082
0.77930577994887329 0.41893768227168743 -0.0079747232390996944
0.0066708834490872039 0.73663261550866044 -0.092010403906929439
0.59686785809600795 0.54974482164027383 -0.0060578055919599874
0.79993494043059399 0.49272854467364652 0.0083581531902142611
0.85880120404541793 0.91563288308932955 0.036008970270320156
0.0058707964362086189 0.80017159873295429 -0.10762446454203797
0.88295959214927555 0.35517858022136267 -0.014349723320031059
0.010408929521531326 0.30459955222364105 0.024714135179785365
0.820659650722389 0.77169065795841585 0.038807412698644822
0.40446543580855843 0.52725581546316347 -0.03066467767142414
0.8396160720036433 0.82466976405758141 0.03945793359273965
0.63771706514068982 0.59069773471624498 0.0028720543133077987
0.84602290971398697 0.47667547344043498 0.0027396330151658946
0.50635447214816354 0.48250195701245613 -0.015640869613561405
0.00024984368273551615 0.50611980354494612 -0.033338838271235377
0.0026179309147116485 0.91140819144277663 -0.12941521616304566
0.24150343536943181 0.21295828374182765 0.017919313484418931
0.80282369244146179 0.57445803217124947 0.022259354874619344
0.6561856839858905 0.94839014691871881 0.0090184956281837564
0.0001 0.73886176209555687 -0.090902339199295135
0.7736312640991776 0.41558528526328786 -0.010065499260590569
0.0001 0.84510529713295113 -0.116372361010811
0.76861695363204741 0.34295625648913064 -0.023042867545351703
0.79295015705430161 0.52436054494851236 0.013405877209885141
0.4631378944044508 0.44862252802855218 -0.016326269236614371
0.35763808177382428 0.45276950863353138 -0.020912703958690167
0.013004260704930062 0.30470790309602941 0.024192272936886708
0.78637579048100859 0.39466533191032205 -0.011384651751581314
0.58398999867973345 0.54532224154794351 -0.0068667307642628489
0.93028463669587713 0.21136839562727669 -0.028644486945928499
0.0073619056146854468 0.79258217022071165 -0.10631546899405558
0.65826871362918982 0.62413212834039056 0.0065263117325001611
0.491852630985537 0.68862790404742891 -0.037789356822747575
0.80485461837787076 0.56890790591004192 0.021397937535836072
0.7528339667435372 0.71216201901711651 0.029476907014082988
0.003227715253139671 0.90313887604975429 -0.12810836122469962
0.012576784918095413 0.21734112738646294 0.04502259028713141
0.87538624996874026 0.36627211611646526 -0.012535187711846023
0.23778817070195746 0.22395184710508526 0.020042095031957172
0.30748617558388497 0.28462574161260618 0.00087134834843025089
0.84852706056553973 0.91132100920317749 0.035934015774555197
0.71017208455187952 0.6724067731949932 0.018600805726033419
0.31658726809457427 0.29799874804383242 -0.0004731241494351987
0.019740511724586768 0.23305825791078835 0.039878833704145383
0.98708621513374151 0.070848620654228936 -0.033511094027143196
0.35354974717758836 0.44310044362206075 -0.019066126353437893
0.83576709619231759 0.46984079212913832 0.0039772097197423098
0.8218928441477229 0.51764900915339629 0.012173318649877581
0.0024101989269869669 0.39370511709000966 -0.00052792871024515131
0.81250450110065686 0.55609583288120645 0.018270296913320706
0.61362463870628303 0.91210323859543174 -0.00803574395664549
0.64225905588873 0.97632887843322802 0.005925128337383595
0.0011408343604875819 0.88517964512007286 -0.12448234037185707
0.68353414367388343 0.89196794299224791 0.01318042363353232
0.35112646466569142 0.42961087515510515 -0.016227537250023974
0.0001 0.63201324831481553 -0.065395894358959816
0.54003790501374915 0.80168673939917023 -0.033823205734915526
0.47227735836453022 0.65592972004540395 -0.038611988401095823
0.7904369705100186 0.51036314348548972 0.010350264419211965
0.0056808893393222619 0.81273794492858065 -0.11046743849305662
0.55963352904087027 0.53580204968629186 -0.010787478646844109
0.82442260944844215 0.7527647436669207 0.037854381052030185
0.76458477461848706 0.21826803689376092 -0.044343318656259817
0.41759017159424067 0.56546121486730905 -0.035944083621330475
0.86985411046659156 0.80545988964016324 0.038714113199524509
0.8122412292289215 0.67056967186611105 0.028889031954485153
0.9078930428281683 0.85485208688446335 0.041628391453147465
0.0096631873005674288 0.49408382336827306 -0.030756298086821565
0.83375609310227139 0.85063597094502175 0.036797994311444322
0.90604361455435656 0.31692049531801469 -0.020109433785735049
0.78503255828966667 0.44467226302184026 -0.0026300166513363241
0.99425390750065457 0.070509839927272513 -0.032609552265300407
0.85751516436889674 0.98815463811513982 0.034231807824731189
0.28197185031870858 0.26947333793890871 0.0080021042540640679
0.7156581292605908 0.80646467246883058 0.019396178988760497
0.96747638438055206 0.90082789179320655 0.043460674944929049
0.77904050271706848 0.3715883730144805 -0.016137817136848219
0.45423215495110164 0.42633977641260823 -0.015223042978022849
0.8201455074392674 0.69745913950567784 0.031120998480594918
0.79539235763064875 0.49231240406854293 0.0080749498229450503
0.0069509147687145337 0.050127576608885928 0.073963761603443604
0.34888115827555216 0.42653939423943371 -0.0158268543109314
0.0092436377024169101 0.52657103705048547 -0.039693531881344182
0.12138563159778015 0.12373765309189433 0.048739061904849806
0.94396740518406907 0.18732199360645616 -0.029793859418759977
0.53956800342116173 0.79804390474880016 -0.033557788280695736
0.74855829875179714 0.076864654236856123 -0.060774118005626737
0.57818573213857416 0.54928061227124259 -0.0078762969832747581
0.54385557109625315 0.52401809508698804 -0.013004158737426406
0.63777034764803175 0.99022284081158851 0.0044430700453051523
0.010303169435972395 0.41746136642490644 -0.0087142280690504087
0.39369993534298942 0.50741731151779823 -0.028249080810257184
0.84916568488554045 0.47159836315886933 0.0014896439980839962
0.96979351202125963 0.080285194215822767 -0.037008667923632707
0.9139192616261087 0.86249012810787584 0.041612710552601073
0.81505175703169863 0.68974656118822686 0.030804142515522586
0.34503953176587626 0.42701043365384889 -0.016597079051767084
0.55327498249024332 0.82885773182179612 -0.030522616115348636
0.77421377389538171 0.34680485017476109 -0.021280031485215775
0.00029244606443347074 0.73443569473660619 -0.089772791191293735
0.89651398483787159 0.84081400228546721 0.04106631565971218
0.30487978828737061 0.32720845884454247 -0.00032811158478134039
0.64348839623680842 0.98280911444340358 0.0066191397859367909
0.96707843787859349 0.11237803346087284 -0.033905316297615534
0.27312319550602704 0.27301017143283418 0.0091332773285897929
0.014884792499538151 0.32883902693731648 0.016946597927489107
0.81830127032368782 0.51508233223569577 0.012425992932709795
0.99015888900091698 0.92608625862521599 0.043573619722037819
0.21649826543172762 0.20456954397548785 0.024958060534583399
0.60388478541296953 0.91838445083378517 -0.012253281760336764
0.0044295079192035978 0.234632426236901 0.041750218503287292
0.76911995359431984 0.29810602404290448 -0.030534093374603249
0.48846116852961796 0.45636572105044593 -0.016049270282468164
0.0001 0.60846881980213485 -0.059589146613561988
0.43145446286255601 0.39706957803639847 -0.015968755885328888
0.47191734062908641 0.44842171164196021 -0.015537753698629989
0.0047946212917998835 0.53923153454652217 -0.042426811031357425
0.67209550501566107 0.89600449971034857 0.011136811908073214
0.66925610962635718 0.91531370152168645 0.01099651525091529
0.0037171152661672705 0.28579272097893843 0.030254767130196928
0.6698254947650335 0.91498376888167987 0.011081271957755233
0.77269593755683075 0.63646983043966843 0.026057560313496875
0.66038357078075205 0.91941795287542605 0.0088381733656721709
0.83519379410163064 0.77874870710474287 0.039714044870792824
0.0053181303792710754 0.64394398417540821 -0.069056019463691706
0.64961210109751755 0.97830980537937973 0.0080412138269962859
0.85420950282652097 0.43654441882794387 -0.0026077450156005433
0.30346625243060521 0.35101935364338316 -0.0039720508778256225
0.0001 0.68607414287452262 -0.078330599677877158
0.92715394710843813 0.23139268397600393 -0.026299017198006085
0.84941674103030096 0.8833299614828326 0.036949986142930186
0.59459064461947764 0.56846216702158436 -0.0059620605266394941
0.64946149758927518 0.60035860379098072 0.0049651053275147662
0.77062904946763255 0.3631062668902747 -0.01940876854317003
0.30154437988826499 0.31994709693043305 0.00070126459571426963
0.35253735376253781 0.33293166816410941 -0.0072291061222380937
0.16649711576538995 0.15992634924653362 0.037682635023428057
0.66713889843664331 0.61850047147343878 0.0084995593193179231
0.010672493111901145 0.53741835758217305 -0.043068996787245614
0.92779689505539542 0.21468574697357135 -0.0285628203467444
0.017090147476033133 0.017790696130564825 0.077131539828498089
0.74885183114376075 0.13130616340277462 -0.05584728252139784
0.98682701921708538 0.063975635742211379 -0.034114757691804387
0.99629866227783159 0.05252420896833708 -0.03307775368715557
0.16327067924285024 0.061655766264962365 0.038204182340183461
0.0060258099111176328 0.54509290929807319 -0.044125651205293479
0.98830380702788945 0.92437734518615156 0.043696442917794343
0.65932503673570642 0.90567772476529507 0.0073894076219473415
0.85213621611682944 0.79396349784605202 0.039848846436891412
0.9926222480739102 0.057768457742280219 -0.033356018558223566
0.010417212546900312 0.60927793915816908 -0.061446286344786952
0.36631504352143623 0.33141947963444479 -0.011661304320241497
0.95170296222861162 0.88684301955051337 0.042723627382145454
0.79281196235726381 0.58200566439664592 0.022971630974670955
0.20123272176494225 0.1945633723518338 0.027641778970060264
0.80113823336039081 0.54929618107097355 0.01878356656508379
0.85747764460975084 0.966716095675068 0.034685364166730244
0.63577897713977427 0.59462264194392833 0.0028795939645078865
0.97210882920256447 0.90521752710649739 0.043646738018003825
0.26780493954673001 0.26420011978668118 0.010979738303819039
0.0033405676704546198 0.78746239405075036 -0.10402230097975013
0.89815511219053323 0.32460162777749235 -0.018490879381664806
0.26301932367154635 0.26657894937982118 0.010783196042010952
0.40924453651865628 0.55148593721685357 -0.034863732335645742
0.3354669076173199 0.40080062192160859 -0.01200751355673841
0.30216194699716969 0.275546790215974 0.0011410650309276876
0.79506557737875261 0.57312092625282773 0.022004673279177076
0.74192381849337874 0.12776666861373526 -0.057355120273922783
0.73241691540773268 0.073587601528958241 -0.062678142873924494
0.5708844959906445 0.85727936784859859 -0.024691679399782285
0.6829507281001419 0.87659691865747758 0.0133531198854848
0.26807669917892235 0.2840710638888288 0.0069684763670832296
0.0039443390737663436 0.82574477839541816 -0.11296203648864356
0.72969944113843099 0.062551209716849784 -0.063668510812849743
0.62152524529581721 0.95137785755108273 -0.0038785497546571374
0.020807761995103268 0.010868627686359014 0.076584705208374848
0.30727055087619626 0.34288137294328447 -0.0023578623355577921
0.80106664277511619 0.58140352127667028 0.023133345242677655
0.78481563441645552 0.61580794270228001 0.025627219413273838
0.96980034955255956 0.91006953409203606 0.043460097781697078
0.82591525064685245 0.75504893160498687 0.038031301101964614
0.62373037144346788 0.94223838410479666 -0.0030880980907047259
0.60569578797072898 0.90586140843672225 -0.011170080577699595
0.18982898868261075 0.13128638358089431 0.032400617839791493
0.95417407336595339 0.88448971527805409 0.0423548211231278
0.28967413989217522 0.270087676625689 0.0056312529979286249
0.82021473809774992 0.77464365569146976 0.038589489264938687
0.81874297285974995 0.70239565209647381 0.031922200419212614
0.64708360110927921 0.99875096956311737 0.007743887841701165
0.11669727798320499 0.11196438792639474 0.050991260319203251
0.2113324982227768 0.15208366041544474 0.02396618508849914
0.6299118879065827 0.58686190809201089 0.0016120790608414801
0.80439100560494547 0.59288815461551836 0.02359676609394986
0.1602053531040801 0.05656908958984673 0.039345359923017395
0.80591810754416981 0.52750838707240377 0.015188342119697593
0.82690732857996985 0.80941439874132004 0.038091003430498468
0.55502471290916755 0.81526651275614792 -0.028787663516236281
0.58723219413403693 0.88777770803124056 -0.018922961160386671
0.44535138327242851 0.6223254167208101 -0.04042846203223438
0.020656263445866036 0.20327200914043167 0.046096945795064764
0.48117179281039008 0.44680004818764107 -0.016341305227188199
0.58098594012240845 0.53899142940803002 -0.0080192151266750555
0.61103264551933922 0.92265269182903464 -0.0088778876198618711
0.0049462166836609419 0.85221318685096681 -0.11860998507066003
0.79752705997913298 0.45787275556391349 0.0012800092680979314
0.82299154323879931 0.74017119195321457 0.03632959639665085
0.73004362544535428 0.76252268814830904 0.02317279789291616
0.22789099009370761 0.19431665578028381 0.021888680822598715
0.55331504832360912 0.52063930529703051 -0.011324999665313175
0.50886593704488081 0.71945582810863951 -0.037032999810586845
0.14307441444689742 0.033499096192731628 0.045136577438744906
0.50257421790065815 0.71067980512428031 -0.037502202173620977
0.74729090446494872 0.69496314113146396 0.028166843608970892
0.31111529361257545 0.36252439544098908 -0.0057467489281328929
0.64941852168917158 0.99828166276509078 0.0081581079043734663
0.21181850188516654 0.1906691505231424 0.026795984250489353
0.75998858413441162 0.24788300760489243 -0.040231818595425364
0.6116336549442416 0.56745900295031426 -0.0023881040114777721
0.133121274687788 0.12433565714563934 0.047647733417527115
0.92108293799639118 0.22876740994564132 -0.027482041655784183
0.23839145517490185 0.19395063890944245 0.015948838591032362
0.84775785199070586 0.99087762314016548 0.032664996361818112
0.0011996029968741474 0.90233541231925407 -0.12763442411461703
0.63766530078442185 0.99336244774897364 0.0044293541818279727
0.82296837856264549 0.75608939422040233 0.038242235972979245
0.011642509292988745 0.2277251015126239 0.042971185307360861
0.52682694597542212 0.77160158065654338 -0.035954291375501962
0.0001 0.73397199072909836 -0.089637922633265588
0.01203628037198369 0.40057241085700201 -0.0039406178634645642
0.90066847901053104 0.29597208495589417 -0.020719147055751688
0.73509386334537319 0.044981877729722085 -0.062587778382948517
0.92960391584837887 0.22874732600430284 -0.026467175784220726
0.78864904225563426 0.56665812366564372 0.019599610017512717
0.74671453418715461 0.13445775773570745 -0.055809522184889604
0.29581952507192338 0.32149834497889551 0.0010970803410701932
0.6586645041200393 0.94048775643497573 0.0093844031522584137
0.85163693912500338 0.99376844955520061 0.033520996317159928
0.0001 0.72565461921428076 -0.087574305282869219
0.25135389402312525 0.2544256774877392 0.013092151837280477
0.78697192129223836 0.61145021957407919 0.025401188459374564
0.00064003675526671383 0.63642627892738979 -0.066508842683800487
0.14020378775867898 0.020830008537877524 0.04574330276134974
0.4823427232430435 0.45840147770778922 -0.015708472150010214
0.6780841794970206 0.88265563268140645 0.012378651542478181
0.68564746694162104 0.88128202177926651 0.013780358834554567
0.43273052403792694 0.39975313126623907 -0.01570913072864865
0.27244492092069217 0.25056495423348585 0.0095196687175627889
0.63900262476093239 0.59735897246702807 0.0035140051041289838
0.83142924346850733 0.78548852820420978 0.039960381861473278
0.81085391976565258 0.55228332413077641 0.018208584332572473
0.013233576820771031 0.37400898227038221 0.0038413412664072694
0.81466776370879812 0.52549097524468347 0.014348099246986813
0.61082098179080846 0.93470700074313262 -0.0092407365894155991
0.36803508466744461 0.33514983741300575 -0.011367350931582761
0.84829761299800177 0.90399835914299531 0.03613557776719379
0.01465582963806504 0.11226035883634897 0.063240737933633218
0.64601972965675558 0.96905460056232429 0.0068953587742686465
0.0058073628872634545 0.55276032855014712 -0.046168096136757528
0.90460382145522511 0.25436678363287452 -0.026556975340250456
0.7983782871417423 0.50971577812948865 0.011578379808995051
0.3362944077638545 0.41069755121944135 -0.014075662389413067
0.95615921632487544 0.14474234253015239 -0.032894214151231158
0.64922808896778983 0.97235240742355589 0.00791031382447651
0.62994985744646492 0.96769996107405465 0.00026648746760535302
0.77031594546843929 0.35895754455679557 -0.020142177745926249
0.5499913932831082 0.8289062869532291 -0.032483523365942651
0.23103780324659837 0.21695084568436573 0.021745561561110793
0.11147319316893016 0.11379060199426599 0.051205473890391255
0.003956717318892437 0.094831756928660096 0.066723188720948817
0.29183592094539473 0.31993791487399587 0.0013244822362882061
0.85088238790561388 0.42540000557224689 -0.0037452580485985848
0.70953120812381543 0.65914800689532327 0.018464609182434605
0.7861470619857871 0.40704178398011176 -0.0092388208361588869
0.59405830111286062 0.90178690840957987 -0.016427827047003837
0.48918223800728616 0.66645978265752959 -0.037000064380416448
0.65909476336063644 0.94075758341336924 0.009478686605812494
0.18898975853188957 0.12294434914081376 0.031936889647374248
0.73250998776056153 0.026555282248157487 -0.063402105357793392
0.93167633689332408 0.86711302945317281 0.041472234611314725
0.15838034880378843 0.14869656528168806 0.040596692589066286
0.012533224928567489 0.016080194375890939 0.077684950511270029
0.68900352210726667 0.8418694573059311 0.013181034241068097
0.0015101647303341161 0.6425745569011414 -0.068084839814043605
0.54791359509237147 0.80744484538697736 -0.03096189935531718
0.049112444995834476 0.047425766791782092 0.068607306933787554
0.94846246976847104 0.19350285092183747 -0.029035748462704278
0.25413999195365344 0.23386775312787747 0.015088735056256481
0.75993678806741505 0.22951976614979736 -0.042899188582748715
0.53513594284074539 0.77603654876849681 -0.033661078879419909
0.90599355938037218 0.8532286731002815 0.041570633827222057
0.017440187575337218 0.30843133250838151 0.021937625061325957
0.57391043745222758 0.85387491345460098 -0.02313786223990065
0.0001 0.67336213816435508 -0.07531858308341588
0.73536407947326232 0.048464068135525153 -0.062453648094642267
0.74978035889955952 0.15876871271031065 -0.053075419743075544
0.46493506060448153 0.65219556145594537 -0.039974595051614645
0.7921294331798826 0.46628585119993488 0.002794397518863713
0.89622068376412012 0.83017661322582004 0.039326658068035127
0.79347766803861142 0.583585362764521 0.023249875566432494
0.73851344488842341 0.037542222880464098 -0.062764647803169329
0.6683289708497413 0.96097750254643088 0.0088901541420024176
0.97527724929704274 0.070762338623693133 -0.036468533210025217
0.66958040759497928 0.90952153599056662 0.010966435123656238
0.23419542711243377 0.22158424850057551 0.020758232341107179
0.84100020347395354 0.8702387879595529 0.0368563939730931
0.7527108967583469 0.69700182925940446 0.029148186767033714
0.014748764871513238 0.27961657420651664 0.030506515798307137
0.65562514991731879 0.59250055288177628 0.0038512777385078731
0.5746578852400207 0.85803152651724945 -0.022968215156663127
0.83541391616494032 0.81897586735078631 0.03924423694075399
0.12789711448323068 0.12349521556809394 0.04835139008271358
0.31801944003346017 0.37625732332740203 -0.0083600723891966155
0.85089884212455436 0.92812371115159797 0.03550435386926605
0.74675796639819281 0.12165418476654094 -0.056830704350890118
0.76641983686161874 0.23196704459771406 -0.042084132172268807
0.55237582877840097 0.51869432707952656 -0.011448736805249972
0.34951897347741173 0.32170317436725299 -0.007970502126211039
0.48494489688183851 0.67383891205044544 -0.037805952812214383
0.60359248494788453 0.55852099565646007 -0.0042049745780344192
0.45354594281761806 0.42190082124228789 -0.015688681354298947
0.78624770128219257 0.61378803342004373 0.025556630304339904
0.0079089828584500109 0.43718791170335253 -0.014304330993558836
0.49350599585388749 0.70257509351846226 -0.038814615294158583
0.35170444017955393 0.4096206505209749 -0.013615701692159109
0.78100423914337613 0.61148582986038957 0.024609412051389896
0.91598562154345498 0.25936259110736271 -0.024051668948609085
0.81625950338465492 0.70823625854831729 0.032616865207208398
0.0087316258789851761 0.31563186441792807 0.021965739464024966
0.80092954695808638 0.57255660356153448 0.022191987665048096
0.010070178337257518 0.20792188182228841 0.047127008346923689
0.12699426295657579 0.12518368859642731 0.048153895031502213
0.0076151735163875571 0.36522942396215974 0.0075592069627581811
0.010672004789075911 0.29966694879973016 0.025957413334747124
0.84866911486583607 0.93792819236899549 0.034768772087674982
0.018434862102356217 0.20422033053488101 0.04644727509535812
0.43423827439976032 0.60678826482002868 -0.040670902937972819
0.017599979920629796 0.04403990855845144 0.074444893291184866
0.63764557563127677 0.96847450268141477 0.0037096613102099302
0.99990000000000001 0.047451405844945956 -0.032940691474989597
0.018421481933668063 0.12896326105503261 0.059999905122850639
0.15453960070328471 0.048255597317141109 0.041444716969889245
0.79011807050990734 0.59769321687568289 0.024419796492612389
0.26961276756834557 0.26246769251776186 0.010944777862455582
0.69386777613190265 0.84029394389068535 0.014807572558273006
0.8909698365467601 0.84572814224398674 0.040987778041173734
0.38778564858156539 0.48342705057370761 -0.024604051072634255
0.95522208986831014 0.15908719521279419 -0.031314190270768205
0.013307966450491732 0.016585224157114765 0.077612905503051777
0.66546980101309949 0.61460543459643047 0.0079121355474322044
0.81566577946317864 0.60208100658333363 0.021431932261374225
0.0043656568165701733 0.59616819744269978 -0.056925589143593483
0.0081212362653615942 0.35054751817528801 0.011744643022285613
0.60301046871531105 0.90269014992193952 -0.012285254602497804
0.92278258290861492 0.23853487126533887 -0.025824071765209476
0.43281525765660278 0.59109564187704611 -0.037454210140286187
0.88078810044402622 0.36976697503854494 -0.012700846211178028
0.0016937112728801348 0.6505589648687331 -0.070069035241360988
0.77214325291910413 0.33925337792308019 -0.022871253008987236
0.81164320424468539 0.64916985922888637 0.026909553523883717
0.45649999972162097 0.43394913360732673 -0.015399477831129195
0.73765358865690744 0.71407482834081748 0.025887342721910775
0.016372336865077535 0.25905482608755653 0.035320766942891949
0.005715950672792282 0.61526084110412849 -0.061835503980258139
0.34676530596657246 0.4278623579970175 -0.016457955720544287
0.15849036960803153 0.15200457777502321 0.040095932834225849
0.83072437836671942 0.77975308914422836 0.039823519533004836
0.25266502986383466 0.26502493030532109 0.010427539787437868
0.13570106226570167 0.12778290232334122 0.046897168411772758
0.31288011941407301 0.35736195390614744 -0.0047263282600463752
0.7326441995255103 0.027786730101977682 -0.063342476188533753
0.86084766551227043 0.81911410342567537 0.040530058982253793
0.14474824094910818 0.13388591437520453 0.044563237272536964
0.44831370564114092 0.41914783405281797 -0.015245050539030781
0.0064371090068570903 0.48983527265133098 -0.029216352689218225
0.012159751667640944 0.48696320545773369 -0.02942153818271831
0.81481965090396102 0.76794508126384919 0.037900525143631333
0.21964162136087423 0.2171634924245574 0.021767884367881189
0.0096479735525273735 0.36836360680252589 0.0063698716474647026
0.87760660761349096 0.40443457911567998 -0.010006427983343003
0.45785352355993103 0.64272476881779095 -0.040533361654434566
0.13927095632180381 0.11863152064472918 0.046155253315973435
0.0052323603939001566 0.84596936021558933 -0.11742514659191589
0.40453375002613906 0.53756664956067168 -0.03273873804779269
0.79742830196931058 0.73920337388928725 0.035077577494058737
0.39365513920946532 0.5281681873964067 -0.03335833869318236
0.99142808151350237 0.038711328025251138 -0.03509255362515995
0.74075687075083907 0.71900196873455313 0.026753807911796983
0.0077228551097135757 0.21574401740234639 0.045717586283901913
0.50409831271927341 0.7441125330198739 -0.042394404381125572
0.74022532193493251 0.10992346516281641 -0.059043954856395964
0.017319997395911804 0.17834887250403209 0.051549630771147728
0.50338864827875762 0.70950741026519715 -0.037285074627707193
0.62359647459358203 0.9531397266870546 -0.0028242383554465122
0.43395715976234017 0.41243690582031611 -0.014609067685776515
0.12098318461394728 0.10390252953937143 0.050447514685574971
0.47578904314266723 0.68741700273906803 -0.043059775034086353
0.77304772595145721 0.33220044317098907 -0.023984309406266287
0.0075790664363259135 0.12330284453097995 0.061713959834048891
0.7762305978457642 0.72131803389024107 0.032244509834289184
0.24949878477040693 0.24001878099518104 0.016353592413147319
0.63068199444226702 0.58575964484700394 0.0016080632276780291
0.87477106289165552 0.81326552098643323 0.03944165847890329
0.83264099724272711 0.80516985301271182 0.039528958776459719
0.18022295421590467 0.17506209835723352 0.033355834230164132
0.82272160524451976 0.73730868405447703 0.035975622654141254
0.65929886768038737 0.94401600135908847 0.0095260395368556294
0.84237862318277501 0.82935301508750781 0.039456504923626186
0.2562629877496046 0.2456219226669123 0.014756999080737705
0.20561098258746335 0.15381849201445752 0.027442265950892226
0.29230881090061117 0.33424443597151487 -0.0018135173256485018
0.70208553126304896 0.66074111490074516 0.016737758775423266
0.76213543200167799 0.21696007179441262 -0.044657675570328514
0.58470552908645379 0.55490866507721182 -0.0068475347177678336
0.91045949761071732 0.27261414973404319 -0.022994829397537844
0.89558409396546812 0.31340314689319831 -0.018921573723019912
0.0037595075640756573 0.30715953347656505 0.024661043683729116
0.25432626322441149 0.24965380555876895 0.014374970785713845
0.030364397914523857 0.039607317924908347 0.073147860837817102
0.87009591097512617 0.36644628183916733 -0.012768398552884523
0.68370325596194881 0.90431356166589982 0.012439378396317324
0.23380291833596639 0.21703197789608863 0.021214190429201338
0.018301781169137474 0.027247729528616472 0.076315775557016657
0.78268106077520361 0.38194804991851905 -0.013886561490693054
0.0055273508908567342 0.79484822971216018 -0.10627751907656349
0.94956923012735783 0.88543960127486243 0.042640651663664826
0.83691494655328991 0.46284519574105465 0.0027775631932898601
0.93848377301644781 0.87683360959574896 0.042123416177894044
0.172230979791865 0.17142618431754528 0.034595663052424057
0.2273744901284582 0.21208734667018939 0.022763879902673097
0.69606190067999119 0.85872805265471797 0.015279585205710804
0.29662855968192536 0.32763814149251419 0.000235540261493139
0.82549959816831586 0.72695325535079103 0.034194998525834637
0.81207984592282234 0.52665543135198056 0.014754832559188139
0.82871268485278038 0.48982615373412625 0.0075721751575154247
0.73835373105103419 0.73495592845961655 0.025783801536227401
0.29255106462886354 0.26978668833931824 0.0043341059998824524
0.012978037307277781 0.17706882645493191 0.052596467261388405
0.018182134237329103 0.04600095678709229 0.074084778418007466
0.74853109970583775 0.19301517627514919 -0.049726048279757032
0.69459212445139629 0.84581488378008751 0.015116070301820054
0.0065651445476044793 0.87067547467587536 -0.1227792273970745
0.47625827383995789 0.68178152642613843 -0.041609451463684902
0.75645758986584155 0.65912808033279635 0.026303049888985089
0.011241104871378204 0.22840851635750561 0.042879478290004103
0.35089696270434062 0.43069649893038842 -0.016459245400271258
0.83158870194560275 0.80939159293702989 0.039146791024010905
0.68392988418630329 0.64058247667991752 0.012398123173461239
0.22161716036642443 0.19299393342031693 0.024092211351083082
0.014654100544035717 0.017953763363010439 0.077423809539369948
0.5182142346869697 0.49506656747696665 -0.015208034580977824
0.0001 0.67910434722784352 -0.0766442196930813
0.18346211248030964 0.18080089901898458 0.03175717444392312
0.012983611001963796 0.26091000379514701 0.035645613808746757
0.75416095668618854 0.16904874220832952 -0.051517984984149098
0.89993243719388016 0.30360865492257633 -0.019954335416024767
0.49772684761382918 0.70429118496459253 -0.037963112020171288
0.37142985278453816 0.46465300972850249 -0.021728468283766761
0.78733332414464885 0.4705080297686185 0.0026566217358182653
0.1847158474246037 0.13129827038730518 0.033934196291745322
0.009050404898676959 0.78237852217274595 -0.10448155238618989
0.87991753943807061 0.37300864708126796 -0.012304002599980032
0.32343369591654203 0.36647529828213332 -0.0065143570599045172
0.60073458901704702 0.56643690191059681 -0.0040377082043694251
0.79349625736007501 0.59338940976692511 0.024217313395548213
0.8000966803398748 0.58238996322212122 0.023286158354217979
0.014171437953250699 0.15663120857099438 0.055870786875711592
0.24554336078677286 0.22865371422742656 0.017949820336275759
0.21443608758013227 0.16206621557776948 0.023928033974243743
0.28242276576222414 0.25481575392799116 0.0056714289907217573
0.14868763104929958 0.044791422034281748 0.043549189919792675
0.57325822838164653 0.52669080297467596 -0.010436058466576602
0.026427380686032662 0.039615447675071538 0.073863586337272455
0.84427656371224025 0.85454522900832652 0.038172178013701069
0.59631099609514926 0.55882796675110435 -0.0046350804916931998
0.72327359179036732 0.7701354723211381 0.021362383572433682
0.0078515929056563252 0.17090729187579168 0.054146128583517771
0.8061495299107031 0.56591840719544761 0.02086457410841466
0.0043839110121277258 0.32694752746758943 0.018912916451678863
0.8081913901918889 0.75059284559135442 0.036953877053780192
0.71969842396450712 0.67545193447019025 0.021447111130950436
0.8564278342784909 0.80426715501579704 0.040439971182150848
0.85113022610471278 0.42692007554937444 -0.0035258639568149508
0.35863376194486796 0.43560153038900229 -0.017271744414670498
0.0026033402182945265 0.4901192856269998 -0.029074164547035777
0.84880907611555823 0.45167161287499852 -0.0002060925337608252
0.13397120764986398 0.12541077901452455 0.047413765508137432
0.81095987329856811 0.65252548468522087 0.027280576987659854
0.011242610623525769 0.51066403788889991 -0.03572619345736873
0.28220670800159381 0.29761728198303233 0.0048390018936223037
0.74234273415620955 0.71847091206773173 0.027173817097874968
0.78486769304923543 0.6165464472836375 0.02568507515428229
0.30582962156650367 0.35413339164458102 -0.0043487575817935942
0.30691196459949494 0.29962066939869375 0.0016208785368919121
0.577154940362679 0.5402524944809366 -0.0078678335760688639
0.85177661132254079 0.94986638670743062 0.034680607067436059
0.99990000000000001 0.93372334027007631 0.042960809580529905
0.35046405498209776 0.42115641879441845 -0.015001209267838732
0.008553277460691221 0.37408143647461495 0.0048253828486822872
0.40284058806741124 0.38054686767495266 -0.012987603630416525
0.7630500983355557 0.674092122090727 0.028324011831389481
0.0003405834789218078 0.79474127691431662 -0.10538803265905902
0.78269313638973614 0.38784461990395003 -0.01273441582581869
0.27577979862056812 0.24970483028491547 0.0078074116775106693
0.85123872577559545 0.79309745535600162 0.039842141691858138
0.72628517784701774 0.77214991574714376 0.022181956314204658
0.59804310995574694 0.55390598490515952 -0.0051309914201850687
0.010560698918708278 0.55799736002390254 -0.048535648313100282
0.21935478064747191 0.17638272540048272 0.023635405132984358
0.21842446427830525 0.20658224794093774 0.024479967341465517
0.29634558492646601 0.32556502327296061 0.00055772517294113561
0.7694971007263266 0.24835425418719578 -0.039303311431061
0.87819335748202354 0.36344560393136927 -0.01303406330524081
0.90615888410813739 0.85593429579559643 0.041515033155505962
0.48379612684080348 0.66968178069152884 -0.037709085641831286
0.21052348509626537 0.18083884596135488 0.02711420024287654
0.99884192952300888 0.043871320200358555 -0.033265074199346725
0.81906689330553817 0.66036104835647125 0.026771985866952994
0.85612626423302751 0.96370688235918689 0.034732480338747256
0.82040403296878373 0.64038625569561736 0.023994496774786718
0.78238166458335434 0.41489466321492202 -0.0080874992827321274
0.41764799070004399 0.53536257380079921 -0.031260863931092717
0.96444922977853675 0.91049728207837421 0.042857119289981559
0.017061189233812574 0.028471224534149495 0.076342468274303465
0.35658702027483413 0.43797551614819469 -0.017536529650326607
0.95851705218704275 0.15930864890486979 -0.030871431720290679
0.16374134661401338 0.070280844913990226 0.038491214086318816
0.94695461700663863 0.20774086660998733 -0.028309719524397661
0.010798516072323806 0.48941503365062511 -0.029704173991784238
0.58406615056256495 0.88368435387493582 -0.020307360975076044
0.75929128763436238 0.65554544385823965 0.026307703775975511
0.1874116617593943 0.17061992904833423 0.032957117355267601
0.77840102061097061 0.44410987676725211 -0.0042817413938807253
0.01340002746921575 0.14284784788275418 0.058226553118682481
0.23016757216807252 0.20069595090965175 0.021568924881498232
0.0069203400718572871 0.88582467662092645 -0.12587532497302265
0.69268954583837739 0.65454623251481381 0.014195213069647262
0.013732510207331376 0.039584682534483877 0.075283119749467858
0.79394263444145385 0.57581824424434591 0.022276284214832343
0.0040454855282193855 0.53190978799984368 -0.040454403359501748
0.48782039914004394 0.69005970736992839 -0.038809900330186123
0.015124082421234452 0.00051039817981318877 0.077669005660425797
0.016485637867086421 0.17288483954188807 0.052729511644515205
0.12388099922578698 0.0078061354666834476 0.049730352482821101
0.23547775810134441 0.20794623890992744 0.020102134131026374
0.3578161704951841 0.34466993755959668 -0.007996685596108305
0.7491755367415075 0.70756742270467943 0.028909556358237734
0.0082925670624726978 0.17737784992731323 0.053048283371320809
0.75663753480305818 0.23788376440470196 -0.04242518415662333
0.46626077699442164 0.43817613643264991 -0.015532417868654544
0.45936932635736827 0.63693272496767872 -0.039089513753096813
0.19982085694229695 0.18243196042334373 0.029660161963879647
0.25151348150745784 0.23608971725352237 0.016239736897188585
0.84577570293728255 0.94151337903304566 0.033961722613727235
0.0090872600225069908 0.60569666090918306 -0.060078039978972347
0.20684930435279811 0.19008104018000424 0.027812822662409281
0.39580903983014321 0.51727129184194209 -0.02989801328430651
0.0001 0.73813621329906554 -0.090709858700634374
0.011636681904650172 0.32980749027462403 0.017369250427510839
0.28488296751002229 0.26826303139209284 0.0071076690419743932
0.46997915103523191 0.44710645257250448 -0.015532732902422908
0.29603729976182708 0.32716852537856916 0.000295635989591779
0.76406135353845495 0.33050227861709247 -0.026140027729620985
0.87776542763714815 0.8202642453948773 0.040269662806633744
0.38858966991301297 0.49454540973174327 -0.026241345326429043
0.30673681244787532 0.28849902034185504 0.0017164353215727915
0.76656438612773381 0.28349203920244986 -0.033466769341336619
0.68327358631224167 0.8855826419378181 0.013450172615087953
0.51343952673865079 0.74316976018619874 -0.037749754192158744
0.017021920694304499 0.09921905412195732 0.065411692499215357
0.21015443498502481 0.18351221836836307 0.027249648072866135
0.88300784066485904 0.36867343066736646 -0.013211394695097294
0.725431901921056 0.77169380885882766 0.022025842744296274
0.42663310043911806 0.5671774870100259 -0.034665811638233429
0.74233266794053299 0.079987835789540995 -0.060512034126593575
0.65089416184328452 0.95046644311242423 0.007703989962570594
0.77103636303194534 0.28727566775943159 -0.0322821486610608
0.76940528083387805 0.32275137019529432 -0.026223267687196607
0.45132466739452259 0.6240454639689258 -0.039006619861341449
0.4456615765614067 0.63324102715301589 -0.043197173419779536
0.68791048457434134 0.63525902194731876 0.012830507983201983
0.64731626437203804 0.97940732122634766 0.0076102779582130943
0.61396848653380565 0.57677650002235858 -0.0015639752569762758
0.135597332622405 0.13732971734695432 0.045199230392643709
0.48155854050113556 0.44513571444018735 -0.016730124027831209
0.012246703701221667 0.24927698818603727 0.038188176175637467
0.012934628218369158 0.21081157996153999 0.046282773096314414
0.81724581961877518 0.49490661946117104 0.0088976909640910914
0.74799137897961598 0.18679496861256384 -0.05056795418898144
0.025799080926814967 0.039045756905869283 0.074032636015074774
0.84685810738388789 0.91479095745939776 0.035640423769917932
0.009170811043429988 0.43907898428414999 -0.015091572427899366
0.53695403922047946 0.76943968612499936 -0.033352181140718057
0.0057471438455069914 0.61165330374215687 -0.060894268473220575
0.8661610810672824 0.38188623316814613 -0.010335478610837494
0.74327636605127645 0.20289141790430981 -0.050370960794885636
0.010438663188085513 0.19318866432959897 0.04985270146000341
0.84613894065060025 0.47437220185482359 0.002531695258346095
0.57877951029302976 0.54680068382605351 -0.0075301658464847279
0.93514275907978839 0.22110734858722506 -0.027065920002194634
0.032963422508820374 0.033700767452688581 0.073039828152259789
0.93500083912827414 0.2069058715712698 -0.02856220938627238
0.44279803495626163 0.4009992114309992 -0.017968947877036484
0.077095824994229428 0.082679294748233753 0.05980947815635472
0.68006542276269055 0.89549518512910642 0.012764780230847341
0.8412304609169563 0.4420507077969319 -0.00096672465351155951
0.10290803666447493 0.10622079476849129 0.053190390987995731
0.87611397465602747 0.37834904686887305 -0.011294777304239605
0.77623543778607029 0.40388139430770165 -0.011189682315924571
0.49233389164430341 0.46187413931635801 -0.015864778910434085
0.017804331410765057 0.079380719467775071 0.068913024818225588
0.18973425225013019 0.12751589637192146 0.032146676189251613
0.90692795236242507 0.27659570476877593 -0.022760810090000284
0.82903261150558638 0.75892226474010871 0.038183169343547742
0.92305462523648529 0.23114954502898377 -0.026769914714285345
0.90554710452716736 0.8472460664309408 0.041148836476456091
0.0055597910891975041 0.70419684960044515 -0.083695094044722154
0.79264914586970503 0.57272368494518544 0.021548932136666633
0.74790504324831331 0.19701971379694383 -0.049486159900183846
0.98325043178635574 0.92372942730623353 0.04342896846538985
0.89834026949976942 0.27595833548059284 -0.024154702952043666
0.32910462977660004 0.41662613016438926 -0.01750166621791837
0.99318585637902423 0.07188164377658858 -0.032662068575707415
0.74993705907474428 0.69900911959737599 0.028872906757595029
0.79241676640169301 0.6134927849511137 0.025453958579291423
0.32712539089816939 0.32287733843548777 -0.0028220049593627936
0.29658131590279863 0.27446106462140912 0.0035265295297065083
0.49095948072737589 0.68421141814026976 -0.037645255153767904
0.75284912813299898 0.1684535158200533 -0.051662635869385048
0.0013575023621241245 0.85515056074464302 -0.11851938781031673
0.89167564599425886 0.3041333112031458 -0.020634050684680792
0.82646068416485718 0.5087787048164798 0.010247605571387389
0.0001 0.68139884827954589 -0.077193068167253825
0.99452512369998103 0.059270980122381751 -0.03293998488293666
0.63923068232124081 0.99651998493608651 0.0051741054198330451
0.76059537538783195 0.23572052176482886 -0.041863767261057144
0.016054486610335733 0.39497650197834627 -0.00326927124382273
0.31598587004074624 0.29772562051546436 -0.00031848074187119935
0.7187177969098012 0.7940330860133582 0.020181156042207493
0.24258038884312061 0.22948532415323708 0.018647070559188305
0.52146752793502904 0.77640965162474496 -0.039563996702761922
0.91398304222483828 0.2709433564121273 -0.023169148473000598
0.76809264776889252 0.33661902658041837 -0.024104935966976097
0.95742045938733689 0.89255455086628588 0.042978574783331489
0.3505687131204448 0.43977826606908632 -0.018835071509534493
0.73001529148855004 0.74755831256016703 0.023346297724952024
0.66219895415326324 0.94181600888311379 0.0097821022039855342
0.22619527216037863 0.20373158843356304 0.023079091224786664
0.0089604128026380195 0.5796087523964879 -0.053574273053282787
0.68704632413266808 0.63778018697215788 0.012984812043645239
0.95216133661028501 0.18167900021161232 -0.029665795415759699
0.010665829022604592 0.65139986541891748 -0.072505345434025703
0.012835686705945709 0.21158426655725432 0.046148101048266998
0.7497746151843967 0.12694340904271362 -0.056213247374423042
0.94177509737696119 0.88010504987687777 0.042308841455575522
0.31147137696190946 0.3664426172166515 -0.0067077111300972367
0.42126610919853374 0.56310280227289988 -0.034758032242232048
0.77778640184041681 0.42597012220871872 -0.0072578574896488071
0.014400597783436579 0.082255653630881137 0.068648174079976101
0.014478689511861211 0.65778416314178645 -0.075387937843799838
0.052782510703415657 0.050069198179756184 0.067567904489666236
0.0001 0.65853359097897823 -0.071866753096435365
0.85572666902198691 0.42757009523892586 -0.0038298299902099209
0.013995656115354142 0.25413380351062126 0.036922880999347971
0.64444061262311625 0.607768977346411 0.0043348925766270724
0.016216785944807664 0.026927111163497247 0.076572868738558744
0.25723650363375677 0.27655528006459046 0.0077996875937674098
0.41388627168253983 0.38322711690501549 -0.014734560443345639
0.39633647491123036 0.51905275522311878 -0.030188300363349796
0.67998858793493178 0.88129002637865017 0.01281756129332692
0.76325975323552042 0.66924025349178151 0.028057644860690741
0.40437351509289637 0.55562819810106379 -0.037637028176851148
0.47122995430579989 0.44899112207244529 -0.015586739144434571
0.8603570000127424 0.80960524306231074 0.040584746428252508
0.0054539853766871951 0.75846326951507248 -0.097273274179734248
0.14276800368683976 0.13627403138158567 0.044681758484572252
0.95011520637813518 0.17742316271534142 -0.030113565514831186
0.44965766472833579 0.64323413711265909 -0.044151750908516488
0.23951487828550802 0.2212950061238084 0.019644613185735561
0.91612715962704672 0.23931446990317473 -0.026716843679907974
0.39062881347898443 0.49441919420305785 -0.026149534347746077
0.83411088940192601 0.78208022177613878 0.039949034222644952
0.8076467145479026 0.60842184726995052 0.024133260851461225
0.88638761133981936 0.34651605681662984 -0.015541977178075345
0.25739546938074298 0.24725763171249979 0.014405915321059906
0.88767938053852746 0.83209210884693319 0.040785059572514229
0.87970683707534014 0.83082202055031362 0.040790748057760673
0.30420857331493451 0.33308525677973455 -0.00087318061804436686
0.016842111359713956 0.018947620162627198 0.077112332185289456
0.009260307085766039 0.12785129893440902 0.060904396381653569
0.022265233596710145 0.040032423803132468 0.074432040579937186
0.0078132611585600802 0.18457175779142401 0.051712106438608442
0.25363897963809745 0.2409846270191715 0.015602170132675789
0.0053044899398428267 0.86011446075851172 -0.12030614435911033
0.65290278698263526 0.96806688609668123 0.0084776536235648264
0.016726723000448598 0.069575023941223002 0.070548767234745041
0.24512466523249041 0.23002433333161226 0.018066902761469807
0.010298775988426335 0.39688689799677984 -0.0024484375699743224
0.014960451554100963 0.13522996859745193 0.059359647159321197
0.0039607447291048793 0.74619219734748732 -0.093579939211782787
0.68212076313577175 0.88815928928629573 0.013247066797447967
0.79939316012114425 0.55921415998604673 0.020288452834453276
0.0063599980666712574 0.20910050396773022 0.047112072643501021
0.56657433483189468 0.85553287745682882 -0.026907007804967541
0.005613929779502003 0.40496212039491142 -0.0042220956508105048
0.61559042917547269 0.94387672698735359 -0.0069381632627985648
0.77242182723979369 0.32604591493891427 -0.025211282809751524
0.18976709836476155 0.13869945520571864 0.032652869984330403
0.8001889073528512 0.51813086796840579 0.013340163794953654
0.94114220700449602 0.20018186223193307 -0.028648462355451973
0.1956892813140633 0.14083986796724957 0.030742040174193536
0.52660214157431706 0.78649210499819489 -0.038561532601119206
0.0067168396189078239 0.0001 0.078510791197370616
0.73755510798123414 0.68041401274322022 0.025253971801867066
0.70259848146826109 0.8243130831466412 0.016568783992731498
0.0001 0.5912703976450423 -0.055401165871800065
0.84264970952364493 0.89384711611867995 0.035820615291513223
0.92856432364751051 0.24237506662404676 -0.025529406802654218
0.21562132217102936 0.18128968425829547 0.025584765266726033
0.84432766947347448 0.45173752374318349 0.00053914793547553408
0.13573244208704902 0.029299932818710551 0.046926664684905521
0.0093129961126238395 0.17619182018893714 0.053186284008413881
0.3033529804573965 0.28720528424748515 0.0026044643854801694
0.39144051171271976 0.36666790674632449 -0.012269252322200164
0.018879891028807085 0.12905642501617523 0.059909512849885549
0.00065282375341754739 0.17331398923402264 0.053908146763287514
0.89999292560026511 0.29436232012800934 -0.020964535535213859
0.64447756302870396 0.99990000000000001 0.0071218671745756218
0.26151582718002425 0.2638550454890895 0.011364794454593923
0.92973529843829172 0.24128203512017335 -0.025666233006829769
0.15597549717902601 0.055284003771377356 0.041114118336625718
0.802168940849877 0.52792176943192737 0.015323905086061414
0.74619035001298795 0.074813433175536848 -0.06079492798789736
0.40362261758773871 0.37669387523564934 -0.01349286248033886
0.76230350894413412 0.66431097099268799 0.027644782310140795
0.76860516955611635 0.2802023875896022 -0.033776552639318572
0.42724411752111863 0.5669695855818393 -0.034583923020509125
0.79372222409461146 0.49496346217754317 0.0083566157842052784
0.0001 0.74155158313541347 -0.091637144413584559
0.22095800549314137 0.20728406552698697 0.024148511648684989
0.78682643155666565 0.5725142958684144 0.020195527338002398
0.76838330124489085 0.33147997106824412 -0.024853800421018417
0.78201386252922578 0.41144930948295688 -0.0086921271009683804
0.66079312684447489 0.62161784193992453 0.0074892399831820965
0.69342355475249062 0.82395993800376899 0.013332458486630946
0.83208078008161102 0.4671342892054266 0.0036472208418947098
0.81999027921830658 0.67582277570867522 0.028387177100252358
0.76008572824938558 0.23628131881483158 -0.041850050833120017
0.1464368108511111 0.15727719894843215 0.039513281260469754
0.00069916912524813947 0.60215656426376207 -0.058063952581418332
0.82282753695458244 0.73847131994497039 0.036123648339722932
0.81336809229904861 0.53239609742652261 0.015407198095743944
0.73141249408739184 0.06504494914072996 -0.063085471218404077
0.57087983505356155 0.53179228869000683 -0.0092416386412452131
0.015360078927078559 0.26430619261265054 0.034356838862938326
0.0050691124079366642 0.72352565886144982 -0.08816281408434587
0.72912461535863171 0.041404390050640304 -0.06409922459617072
0.83631693034844679 0.44260315391997512 -0.0009964229707232139
0.86519924893871081 0.41560517651485213 -0.0065476643749181607
0.77776820185096829 0.41979048942557806 -0.0081992906791258507
0.77581335036604748 0.39243160667758076 -0.013187331244256584
0.91791563119172259 0.25687676713553864 -0.024200055255499738
0.0059707436413721556 0.3884387157285446 0.00074383751423275773
0.81998835913094292 0.50827506373758524 0.011245336405030157
0.1850835764378293 0.12157332164425438 0.033480113624618529
0.83162207195196558 0.51152707384519958 0.0092633718523443126
0.00039495784556749756 0.78034986241909954 -0.10180231706647139
0.66470115879734115 0.91744831155369233 0.010009133231488776
0.096404614474505837 0.084750995685098557 0.056200488648658994
0.20053904245315049 0.13640593259343994 0.027710188758822411
0.79726499518382721 0.54620066321303384 0.017969398970277401
0.4244829358301011 0.39473202743728625 -0.014948794427281802
0.99454416416834746 0.061422878067665172 -0.032848997656580683
0.76280765409407458 0.32098518304089035 -0.027982474935180288
0.41213780237954162 0.37301599561816834 -0.016775283430827369
0.77872623128842688 0.35982491028342767 -0.018447586217710372
0.77491399371147474 0.65422352036796616 0.027538436855120123
0.98881016957346879 0.070632878992960821 -0.033223234238261207
0.0001 0.86297116295746101 -0.1200398223052894
0.71833653342375348 0.6764213026792939 0.021029420811974005
0.94338319332973086 0.88266995544242377 0.042372923672648014
0.78242681405568848 0.73248239835416606 0.033262336130087174
0.95132312956056053 0.88451247816320411 0.042524618597003856
0.13469608668729827 0.13768136865393935 0.045158032322609405
0.64643951985063086 0.59947345898051752 0.0046277314742010009
0.0034444255171787227 0.81841764515846016 -0.111270997903782
0.49638289930258572 0.46948741325139087 -0.015621158719132923
0.66024071607060308 0.94259609317452564 0.0096417241912979644
0.73587781279264064 0.12604952554378682 -0.059318869861765294
0.23770102428723927 0.22334262645915223 0.020104968557237188
0.8951518729337401 0.30609982202809854 -0.019776897772385914
0.85507632831277702 0.96555636235494402 0.034630309729463765
0.013565465065042619 0.020559539010730356 0.077306643645916301
0.0001 0.31175895477853693 0.023487788923345344
0.82273931641603792 0.47161189923233798 0.0044463630671156967
0.55724940094318487 0.81821268125912061 -0.0281413123041366
0.050849501351041951 0.036802715789043851 0.068177267082238979
0.65069227157526854 0.94992116706572804 0.0076102534569201866
0.014344251828475893 0.17487328849415351 0.05278503889611353
0.44100602973348368 0.60286686587178584 -0.037839728800734468
0.82000246541535582 0.50754350906844903 0.011129393542044844
0.35563665564967373 0.46360749143125302 -0.025021187134799394
0.0021647433869333671 0.79328552676671205 -0.10522913243546364
0.92624655029256509 0.2296226822910562 -0.026586185967369495
0.80639912863892882 0.54646531732153081 0.018134997972381842
0.24097937356622892 0.21797963665606088 0.018882527719508817
0.96964748316801852 0.9075973158258569 0.043564865992033387
0.011730602260926745 0.31836553500502113 0.020703178679468727
0.0001 0.70991190850299402 -0.083913062173710626
0.017406720801728774 0.073895275744651753 0.069853384607250157
0.91624718587768006 0.24346312478745952 -0.026044585562771033
0.81340012805382511 0.75661083336997748 0.037763503561719133
0.0066327342833211716 0.82542205628139609 -0.11357569529092754
0.67846863013521408 0.88061013530215793 0.012372695551507912
0.81778372258274246 0.6781536064396021 0.029225456675420952
0.29248271725423303 0.31794802948346901 0.001665094089029949
0.65150882842520452 0.99474726253474832 0.0083514584560256608
0.76725016378382693 0.6554622476963452 0.027344095319605941
0.51833540302285797 0.74130696077378977 -0.036356938999264177
0.65616451318331692 0.6136120990861591 0.00657535647486766
0.36952889900062158 0.45632750035644026 -0.020469765731221695
0.86811043417030709 0.38416055652021802 -0.010026012359367592
0.38352207577075698 0.51504692604303037 -0.032882971003836053
